turn,n_count,episode_id,decay_score,topic_label,n_total_in_store
2,1,1de6c65c-e97a-4c56-bed5-05e7d993fd0b,1.0,topic_1,1
3,2,7a8ffc06-4e2d-4ac2-bb67-da73ae4540b5,1.0,topic_1,2
3,2,1de6c65c-e97a-4c56-bed5-05e7d993fd0b,0.25,topic_1,2
4,3,fc6ff457-240b-49d0-ae35-8ece62332000,1.0,topic_2,3
4,3,1de6c65c-e97a-4c56-bed5-05e7d993fd0b,0.2,topic_1,3
4,3,7a8ffc06-4e2d-4ac2-bb67-da73ae4540b5,0.2,topic_1,3
5,4,04d98f8c-0163-4545-bc51-84b4757b9068,1.0,topic_2,4
5,4,1de6c65c-e97a-4c56-bed5-05e7d993fd0b,0.16666666666666666,topic_1,4
5,4,7a8ffc06-4e2d-4ac2-bb67-da73ae4540b5,0.16666666666666666,topic_1,4
5,4,fc6ff457-240b-49d0-ae35-8ece62332000,0.16666666666666666,topic_2,4
6,5,18b96157-9bfd-4692-82ef-288e159a75a6,1.0,topic_2,5
6,5,1de6c65c-e97a-4c56-bed5-05e7d993fd0b,0.14285714285714285,topic_1,5
6,5,7a8ffc06-4e2d-4ac2-bb67-da73ae4540b5,0.14285714285714285,topic_1,5
6,5,fc6ff457-240b-49d0-ae35-8ece62332000,0.14285714285714285,topic_2,5
6,5,04d98f8c-0163-4545-bc51-84b4757b9068,0.14285714285714285,topic_2,5
7,6,fc67b925-346f-4a6a-b4c7-449173cce689,1.0,topic_2,6
7,6,1de6c65c-e97a-4c56-bed5-05e7d993fd0b,0.125,topic_1,6
7,6,7a8ffc06-4e2d-4ac2-bb67-da73ae4540b5,0.125,topic_1,6
7,6,fc6ff457-240b-49d0-ae35-8ece62332000,0.125,topic_2,6
7,6,04d98f8c-0163-4545-bc51-84b4757b9068,0.125,topic_2,6
7,6,18b96157-9bfd-4692-82ef-288e159a75a6,0.125,topic_2,6
8,7,85a4f97c-f0be-4d8e-b6f8-a95f997bd1c4,1.0,topic_2,7
8,7,1de6c65c-e97a-4c56-bed5-05e7d993fd0b,0.1111111111111111,topic_1,7
8,7,7a8ffc06-4e2d-4ac2-bb67-da73ae4540b5,0.1111111111111111,topic_1,7
8,7,fc6ff457-240b-49d0-ae35-8ece62332000,0.1111111111111111,topic_2,7
8,7,04d98f8c-0163-4545-bc51-84b4757b9068,0.1111111111111111,topic_2,7
8,7,18b96157-9bfd-4692-82ef-288e159a75a6,0.1111111111111111,topic_2,7
8,7,fc67b925-346f-4a6a-b4c7-449173cce689,0.1111111111111111,topic_2,7
9,8,90ffa42e-c51b-4f73-999e-2fb67b8de7bf,1.0,topic_2,8
9,8,1de6c65c-e97a-4c56-bed5-05e7d993fd0b,0.1,topic_1,8
9,8,7a8ffc06-4e2d-4ac2-bb67-da73ae4540b5,0.1,topic_1,8
9,8,fc6ff457-240b-49d0-ae35-8ece62332000,0.1,topic_2,8
9,8,04d98f8c-0163-4545-bc51-84b4757b9068,0.1,topic_2,8
9,8,18b96157-9bfd-4692-82ef-288e159a75a6,0.1,topic_2,8
9,8,fc67b925-346f-4a6a-b4c7-449173cce689,0.1,topic_2,8
9,8,85a4f97c-f0be-4d8e-b6f8-a95f997bd1c4,0.1,topic_2,8
10,9,f9a16817-7946-4e6c-b338-cff123eba8f8,1.0,topic_2,9
10,9,1de6c65c-e97a-4c56-bed5-05e7d993fd0b,0.09090909090909091,topic_1,9
10,9,7a8ffc06-4e2d-4ac2-bb67-da73ae4540b5,0.09090909090909091,topic_1,9
10,9,fc6ff457-240b-49d0-ae35-8ece62332000,0.09090909090909091,topic_2,9
10,9,04d98f8c-0163-4545-bc51-84b4757b9068,0.09090909090909091,topic_2,9
10,9,18b96157-9bfd-4692-82ef-288e159a75a6,0.09090909090909091,topic_2,9
10,9,fc67b925-346f-4a6a-b4c7-449173cce689,0.09090909090909091,topic_2,9
10,9,85a4f97c-f0be-4d8e-b6f8-a95f997bd1c4,0.09090909090909091,topic_2,9
10,9,90ffa42e-c51b-4f73-999e-2fb67b8de7bf,0.09090909090909091,topic_2,9
11,10,4a087615-ccdb-4bdd-8cf8-55076d373217,1.0,topic_2,10
11,10,1de6c65c-e97a-4c56-bed5-05e7d993fd0b,0.08333333333333333,topic_1,10
11,10,7a8ffc06-4e2d-4ac2-bb67-da73ae4540b5,0.08333333333333333,topic_1,10
11,10,fc6ff457-240b-49d0-ae35-8ece62332000,0.08333333333333333,topic_2,10
11,10,04d98f8c-0163-4545-bc51-84b4757b9068,0.08333333333333333,topic_2,10
11,10,18b96157-9bfd-4692-82ef-288e159a75a6,0.08333333333333333,topic_2,10
11,10,fc67b925-346f-4a6a-b4c7-449173cce689,0.08333333333333333,topic_2,10
11,10,85a4f97c-f0be-4d8e-b6f8-a95f997bd1c4,0.08333333333333333,topic_2,10
11,10,90ffa42e-c51b-4f73-999e-2fb67b8de7bf,0.08333333333333333,topic_2,10
11,10,f9a16817-7946-4e6c-b338-cff123eba8f8,0.08333333333333333,topic_2,10
12,10,97829c35-b202-4351-956f-daac968358f3,1.0,topic_2,11
12,10,1de6c65c-e97a-4c56-bed5-05e7d993fd0b,0.07692307692307693,topic_1,11
12,10,7a8ffc06-4e2d-4ac2-bb67-da73ae4540b5,0.07692307692307693,topic_1,11
12,10,fc6ff457-240b-49d0-ae35-8ece62332000,0.07692307692307693,topic_2,11
12,10,04d98f8c-0163-4545-bc51-84b4757b9068,0.07692307692307693,topic_2,11
12,10,18b96157-9bfd-4692-82ef-288e159a75a6,0.07692307692307693,topic_2,11
12,10,fc67b925-346f-4a6a-b4c7-449173cce689,0.07692307692307693,topic_2,11
12,10,85a4f97c-f0be-4d8e-b6f8-a95f997bd1c4,0.07692307692307693,topic_2,11
12,10,90ffa42e-c51b-4f73-999e-2fb67b8de7bf,0.07692307692307693,topic_2,11
12,10,f9a16817-7946-4e6c-b338-cff123eba8f8,0.07692307692307693,topic_2,11
13,11,3f4e36a2-386d-472e-95fa-a28194e6fa12,1.0,topic_2,12
13,11,4a087615-ccdb-4bdd-8cf8-55076d373217,0.07692307692307693,topic_2,12
13,11,1de6c65c-e97a-4c56-bed5-05e7d993fd0b,0.07142857142857142,topic_1,12
13,11,7a8ffc06-4e2d-4ac2-bb67-da73ae4540b5,0.07142857142857142,topic_1,12
13,11,fc6ff457-240b-49d0-ae35-8ece62332000,0.07142857142857142,topic_2,12
13,11,04d98f8c-0163-4545-bc51-84b4757b9068,0.07142857142857142,topic_2,12
13,11,18b96157-9bfd-4692-82ef-288e159a75a6,0.07142857142857142,topic_2,12
13,11,fc67b925-346f-4a6a-b4c7-449173cce689,0.07142857142857142,topic_2,12
13,11,85a4f97c-f0be-4d8e-b6f8-a95f997bd1c4,0.07142857142857142,topic_2,12
13,11,90ffa42e-c51b-4f73-999e-2fb67b8de7bf,0.07142857142857142,topic_2,12
13,11,f9a16817-7946-4e6c-b338-cff123eba8f8,0.07142857142857142,topic_2,12
14,11,9105495c-5909-415e-a739-d193f5101e7b,1.0,topic_2,13
14,11,97829c35-b202-4351-956f-daac968358f3,0.07142857142857142,topic_2,13
14,11,1de6c65c-e97a-4c56-bed5-05e7d993fd0b,0.06666666666666667,topic_1,13
14,11,7a8ffc06-4e2d-4ac2-bb67-da73ae4540b5,0.06666666666666667,topic_1,13
14,11,fc6ff457-240b-49d0-ae35-8ece62332000,0.06666666666666667,topic_2,13
14,11,04d98f8c-0163-4545-bc51-84b4757b9068,0.06666666666666667,topic_2,13
14,11,18b96157-9bfd-4692-82ef-288e159a75a6,0.06666666666666667,topic_2,13
14,11,fc67b925-346f-4a6a-b4c7-449173cce689,0.06666666666666667,topic_2,13
14,11,85a4f97c-f0be-4d8e-b6f8-a95f997bd1c4,0.06666666666666667,topic_2,13
14,11,90ffa42e-c51b-4f73-999e-2fb67b8de7bf,0.06666666666666667,topic_2,13
14,11,f9a16817-7946-4e6c-b338-cff123eba8f8,0.06666666666666667,topic_2,13
15,11,71912f72-f443-44e4-bafa-b6b69d024702,1.0,topic_2,14
15,11,4a087615-ccdb-4bdd-8cf8-55076d373217,0.06666666666666667,topic_2,14
15,11,3f4e36a2-386d-472e-95fa-a28194e6fa12,0.06666666666666667,topic_2,14
15,11,1de6c65c-e97a-4c56-bed5-05e7d993fd0b,0.0625,topic_1,14
15,11,7a8ffc06-4e2d-4ac2-bb67-da73ae4540b5,0.0625,topic_1,14
15,11,fc6ff457-240b-49d0-ae35-8ece62332000,0.0625,topic_2,14
15,11,04d98f8c-0163-4545-bc51-84b4757b9068,0.0625,topic_2,14
15,11,18b96157-9bfd-4692-82ef-288e159a75a6,0.0625,topic_2,14
15,11,fc67b925-346f-4a6a-b4c7-449173cce689,0.0625,topic_2,14
15,11,85a4f97c-f0be-4d8e-b6f8-a95f997bd1c4,0.0625,topic_2,14
15,11,90ffa42e-c51b-4f73-999e-2fb67b8de7bf,0.0625,topic_2,14
16,11,ff49b5cd-6fa0-4dda-995e-78ccc6ae4b2f,1.0,topic_2,15
16,11,f9a16817-7946-4e6c-b338-cff123eba8f8,0.0625,topic_2,15
16,11,97829c35-b202-4351-956f-daac968358f3,0.0625,topic_2,15
16,11,9105495c-5909-415e-a739-d193f5101e7b,0.0625,topic_2,15
16,11,1de6c65c-e97a-4c56-bed5-05e7d993fd0b,0.058823529411764705,topic_1,15
16,11,7a8ffc06-4e2d-4ac2-bb67-da73ae4540b5,0.058823529411764705,topic_1,15
16,11,fc6ff457-240b-49d0-ae35-8ece62332000,0.058823529411764705,topic_2,15
16,11,04d98f8c-0163-4545-bc51-84b4757b9068,0.058823529411764705,topic_2,15
16,11,18b96157-9bfd-4692-82ef-288e159a75a6,0.058823529411764705,topic_2,15
16,11,fc67b925-346f-4a6a-b4c7-449173cce689,0.058823529411764705,topic_2,15
16,11,85a4f97c-f0be-4d8e-b6f8-a95f997bd1c4,0.058823529411764705,topic_2,15
17,11,aa856758-bd83-4c9b-8255-8f57d967c345,1.0,topic_2,16
17,11,90ffa42e-c51b-4f73-999e-2fb67b8de7bf,0.058823529411764705,topic_2,16
17,11,4a087615-ccdb-4bdd-8cf8-55076d373217,0.058823529411764705,topic_2,16
17,11,3f4e36a2-386d-472e-95fa-a28194e6fa12,0.058823529411764705,topic_2,16
17,11,71912f72-f443-44e4-bafa-b6b69d024702,0.058823529411764705,topic_2,16
17,11,1de6c65c-e97a-4c56-bed5-05e7d993fd0b,0.05555555555555555,topic_1,16
17,11,7a8ffc06-4e2d-4ac2-bb67-da73ae4540b5,0.05555555555555555,topic_1,16
17,11,fc6ff457-240b-49d0-ae35-8ece62332000,0.05555555555555555,topic_2,16
17,11,04d98f8c-0163-4545-bc51-84b4757b9068,0.05555555555555555,topic_2,16
17,11,18b96157-9bfd-4692-82ef-288e159a75a6,0.05555555555555555,topic_2,16
17,11,fc67b925-346f-4a6a-b4c7-449173cce689,0.05555555555555555,topic_2,16
18,11,35f6c6d6-d9b7-44b7-8878-2c15defb9daa,1.0,topic_2,17
18,11,85a4f97c-f0be-4d8e-b6f8-a95f997bd1c4,0.05555555555555555,topic_2,17
18,11,f9a16817-7946-4e6c-b338-cff123eba8f8,0.05555555555555555,topic_2,17
18,11,97829c35-b202-4351-956f-daac968358f3,0.05555555555555555,topic_2,17
18,11,9105495c-5909-415e-a739-d193f5101e7b,0.05555555555555555,topic_2,17
18,11,ff49b5cd-6fa0-4dda-995e-78ccc6ae4b2f,0.05555555555555555,topic_2,17
18,11,1de6c65c-e97a-4c56-bed5-05e7d993fd0b,0.05263157894736842,topic_1,17
18,11,7a8ffc06-4e2d-4ac2-bb67-da73ae4540b5,0.05263157894736842,topic_1,17
18,11,fc6ff457-240b-49d0-ae35-8ece62332000,0.05263157894736842,topic_2,17
18,11,04d98f8c-0163-4545-bc51-84b4757b9068,0.05263157894736842,topic_2,17
18,11,18b96157-9bfd-4692-82ef-288e159a75a6,0.05263157894736842,topic_2,17
19,11,f000e28a-3538-461b-91b4-274cea22a727,1.0,topic_2,18
19,11,fc67b925-346f-4a6a-b4c7-449173cce689,0.05263157894736842,topic_2,18
19,11,90ffa42e-c51b-4f73-999e-2fb67b8de7bf,0.05263157894736842,topic_2,18
19,11,4a087615-ccdb-4bdd-8cf8-55076d373217,0.05263157894736842,topic_2,18
19,11,3f4e36a2-386d-472e-95fa-a28194e6fa12,0.05263157894736842,topic_2,18
19,11,71912f72-f443-44e4-bafa-b6b69d024702,0.05263157894736842,topic_2,18
19,11,aa856758-bd83-4c9b-8255-8f57d967c345,0.05263157894736842,topic_2,18
19,11,1de6c65c-e97a-4c56-bed5-05e7d993fd0b,0.05,topic_1,18
19,11,7a8ffc06-4e2d-4ac2-bb67-da73ae4540b5,0.05,topic_1,18
19,11,fc6ff457-240b-49d0-ae35-8ece62332000,0.05,topic_2,18
19,11,04d98f8c-0163-4545-bc51-84b4757b9068,0.05,topic_2,18
20,8,7de378fe-5a87-4c06-bfd7-127301525de3,1.0,topic_2,19
20,8,18b96157-9bfd-4692-82ef-288e159a75a6,0.05,topic_2,19
20,8,85a4f97c-f0be-4d8e-b6f8-a95f997bd1c4,0.05,topic_2,19
20,8,f9a16817-7946-4e6c-b338-cff123eba8f8,0.05,topic_2,19
20,8,97829c35-b202-4351-956f-daac968358f3,0.05,topic_2,19
20,8,9105495c-5909-415e-a739-d193f5101e7b,0.05,topic_2,19
20,8,ff49b5cd-6fa0-4dda-995e-78ccc6ae4b2f,0.05,topic_2,19
20,8,35f6c6d6-d9b7-44b7-8878-2c15defb9daa,0.05,topic_2,19
21,11,11e01a8a-1af3-4f27-acae-62ee6e82e706,1.0,topic_2,20
21,11,1de6c65c-e97a-4c56-bed5-05e7d993fd0b,0.047619047619047616,topic_2,20
21,11,7a8ffc06-4e2d-4ac2-bb67-da73ae4540b5,0.047619047619047616,topic_2,20
21,11,fc6ff457-240b-49d0-ae35-8ece62332000,0.047619047619047616,topic_2,20
21,11,04d98f8c-0163-4545-bc51-84b4757b9068,0.047619047619047616,topic_2,20
21,11,fc67b925-346f-4a6a-b4c7-449173cce689,0.047619047619047616,topic_2,20
21,11,90ffa42e-c51b-4f73-999e-2fb67b8de7bf,0.047619047619047616,topic_2,20
21,11,4a087615-ccdb-4bdd-8cf8-55076d373217,0.047619047619047616,topic_2,20
21,11,3f4e36a2-386d-472e-95fa-a28194e6fa12,0.047619047619047616,topic_2,20
21,11,71912f72-f443-44e4-bafa-b6b69d024702,0.047619047619047616,topic_2,20
21,11,aa856758-bd83-4c9b-8255-8f57d967c345,0.047619047619047616,topic_2,20
22,10,9a67d442-43dd-4abf-8251-e6c53be6b3df,1.0,topic_2,21
22,10,f000e28a-3538-461b-91b4-274cea22a727,0.047619047619047616,topic_2,21
22,10,18b96157-9bfd-4692-82ef-288e159a75a6,0.045454545454545456,topic_2,21
22,10,85a4f97c-f0be-4d8e-b6f8-a95f997bd1c4,0.045454545454545456,topic_2,21
22,10,f9a16817-7946-4e6c-b338-cff123eba8f8,0.045454545454545456,topic_2,21
22,10,97829c35-b202-4351-956f-daac968358f3,0.045454545454545456,topic_2,21
22,10,9105495c-5909-415e-a739-d193f5101e7b,0.045454545454545456,topic_2,21
22,10,ff49b5cd-6fa0-4dda-995e-78ccc6ae4b2f,0.045454545454545456,topic_2,21
22,10,1de6c65c-e97a-4c56-bed5-05e7d993fd0b,0.043478260869565216,topic_2,21
22,10,7a8ffc06-4e2d-4ac2-bb67-da73ae4540b5,0.043478260869565216,topic_2,21
23,11,15471639-d1c4-4d26-bd68-5c8ae6272c63,1.0,topic_2,22
23,11,35f6c6d6-d9b7-44b7-8878-2c15defb9daa,0.045454545454545456,topic_2,22
23,11,7de378fe-5a87-4c06-bfd7-127301525de3,0.045454545454545456,topic_2,22
23,11,fc6ff457-240b-49d0-ae35-8ece62332000,0.043478260869565216,topic_2,22
23,11,04d98f8c-0163-4545-bc51-84b4757b9068,0.043478260869565216,topic_2,22
23,11,fc67b925-346f-4a6a-b4c7-449173cce689,0.043478260869565216,topic_2,22
23,11,90ffa42e-c51b-4f73-999e-2fb67b8de7bf,0.043478260869565216,topic_2,22
23,11,4a087615-ccdb-4bdd-8cf8-55076d373217,0.043478260869565216,topic_2,22
23,11,3f4e36a2-386d-472e-95fa-a28194e6fa12,0.043478260869565216,topic_2,22
23,11,1de6c65c-e97a-4c56-bed5-05e7d993fd0b,0.041666666666666664,topic_2,22
23,11,7a8ffc06-4e2d-4ac2-bb67-da73ae4540b5,0.041666666666666664,topic_2,22
24,9,67acf4e8-abac-4027-bfd7-920147a28624,1.0,topic_2,23
24,9,71912f72-f443-44e4-bafa-b6b69d024702,0.043478260869565216,topic_2,23
24,9,aa856758-bd83-4c9b-8255-8f57d967c345,0.043478260869565216,topic_2,23
24,9,11e01a8a-1af3-4f27-acae-62ee6e82e706,0.043478260869565216,topic_2,23
24,9,18b96157-9bfd-4692-82ef-288e159a75a6,0.041666666666666664,topic_2,23
24,9,85a4f97c-f0be-4d8e-b6f8-a95f997bd1c4,0.041666666666666664,topic_2,23
24,9,f9a16817-7946-4e6c-b338-cff123eba8f8,0.041666666666666664,topic_2,23
24,9,9105495c-5909-415e-a739-d193f5101e7b,0.041666666666666664,topic_2,23
24,9,1de6c65c-e97a-4c56-bed5-05e7d993fd0b,0.04,topic_2,23
25,10,bd72bc23-99df-4403-8042-1085b90760a2,1.0,topic_2,24
25,10,97829c35-b202-4351-956f-daac968358f3,0.041666666666666664,topic_2,24
25,10,ff49b5cd-6fa0-4dda-995e-78ccc6ae4b2f,0.041666666666666664,topic_2,24
25,10,f000e28a-3538-461b-91b4-274cea22a727,0.041666666666666664,topic_2,24
25,10,9a67d442-43dd-4abf-8251-e6c53be6b3df,0.041666666666666664,topic_2,24
25,10,7a8ffc06-4e2d-4ac2-bb67-da73ae4540b5,0.04,topic_2,24
25,10,fc6ff457-240b-49d0-ae35-8ece62332000,0.04,topic_2,24
25,10,04d98f8c-0163-4545-bc51-84b4757b9068,0.04,topic_2,24
25,10,fc67b925-346f-4a6a-b4c7-449173cce689,0.04,topic_2,24
25,10,4a087615-ccdb-4bdd-8cf8-55076d373217,0.04,topic_2,24
26,11,83b1d399-9e70-41f3-a569-5735d5cfea23,1.0,topic_2,25
26,11,90ffa42e-c51b-4f73-999e-2fb67b8de7bf,0.04,topic_2,25
26,11,3f4e36a2-386d-472e-95fa-a28194e6fa12,0.04,topic_2,25
26,11,35f6c6d6-d9b7-44b7-8878-2c15defb9daa,0.04,topic_2,25
26,11,7de378fe-5a87-4c06-bfd7-127301525de3,0.04,topic_2,25
26,11,15471639-d1c4-4d26-bd68-5c8ae6272c63,0.04,topic_2,25
26,11,1de6c65c-e97a-4c56-bed5-05e7d993fd0b,0.038461538461538464,topic_2,25
26,11,18b96157-9bfd-4692-82ef-288e159a75a6,0.038461538461538464,topic_2,25
26,11,85a4f97c-f0be-4d8e-b6f8-a95f997bd1c4,0.038461538461538464,topic_2,25
26,11,7a8ffc06-4e2d-4ac2-bb67-da73ae4540b5,0.037037037037037035,topic_2,25
26,11,fc6ff457-240b-49d0-ae35-8ece62332000,0.037037037037037035,topic_2,25
27,8,641a9d6f-dca1-4e15-a45b-497372d064ff,1.0,topic_2,26
27,8,f9a16817-7946-4e6c-b338-cff123eba8f8,0.038461538461538464,topic_2,26
27,8,9105495c-5909-415e-a739-d193f5101e7b,0.038461538461538464,topic_2,26
27,8,71912f72-f443-44e4-bafa-b6b69d024702,0.038461538461538464,topic_2,26
27,8,aa856758-bd83-4c9b-8255-8f57d967c345,0.038461538461538464,topic_2,26
27,8,11e01a8a-1af3-4f27-acae-62ee6e82e706,0.038461538461538464,topic_2,26
27,8,67acf4e8-abac-4027-bfd7-920147a28624,0.038461538461538464,topic_2,26
27,8,04d98f8c-0163-4545-bc51-84b4757b9068,0.037037037037037035,topic_2,26
28,10,668aa39c-369d-4b0b-b427-2db26abcd94d,1.0,topic_2,27
28,10,fc67b925-346f-4a6a-b4c7-449173cce689,0.037037037037037035,topic_2,27
28,10,4a087615-ccdb-4bdd-8cf8-55076d373217,0.037037037037037035,topic_2,27
28,10,97829c35-b202-4351-956f-daac968358f3,0.037037037037037035,topic_2,27
28,10,ff49b5cd-6fa0-4dda-995e-78ccc6ae4b2f,0.037037037037037035,topic_2,27
28,10,f000e28a-3538-461b-91b4-274cea22a727,0.037037037037037035,topic_2,27
28,10,9a67d442-43dd-4abf-8251-e6c53be6b3df,0.037037037037037035,topic_2,27
28,10,1de6c65c-e97a-4c56-bed5-05e7d993fd0b,0.03571428571428571,topic_2,27
28,10,7a8ffc06-4e2d-4ac2-bb67-da73ae4540b5,0.03571428571428571,topic_2,27
28,10,fc6ff457-240b-49d0-ae35-8ece62332000,0.03571428571428571,topic_2,27
29,9,13518644-f3a5-4114-85f3-d1d14e723f2b,1.0,topic_2,28
29,9,bd72bc23-99df-4403-8042-1085b90760a2,0.037037037037037035,topic_2,28
29,9,18b96157-9bfd-4692-82ef-288e159a75a6,0.03571428571428571,topic_2,28
29,9,85a4f97c-f0be-4d8e-b6f8-a95f997bd1c4,0.03571428571428571,topic_2,28
29,9,90ffa42e-c51b-4f73-999e-2fb67b8de7bf,0.03571428571428571,topic_2,28
29,9,3f4e36a2-386d-472e-95fa-a28194e6fa12,0.03571428571428571,topic_2,28
29,9,35f6c6d6-d9b7-44b7-8878-2c15defb9daa,0.03571428571428571,topic_2,28
29,9,7de378fe-5a87-4c06-bfd7-127301525de3,0.03571428571428571,topic_2,28
29,9,04d98f8c-0163-4545-bc51-84b4757b9068,0.034482758620689655,topic_2,28
30,10,736329d3-c379-41e9-a77b-1d43838b1e9b,1.0,topic_2,29
30,10,15471639-d1c4-4d26-bd68-5c8ae6272c63,0.03571428571428571,topic_2,29
30,10,83b1d399-9e70-41f3-a569-5735d5cfea23,0.03571428571428571,topic_2,29
30,10,f9a16817-7946-4e6c-b338-cff123eba8f8,0.034482758620689655,topic_2,29
30,10,9105495c-5909-415e-a739-d193f5101e7b,0.034482758620689655,topic_2,29
30,10,71912f72-f443-44e4-bafa-b6b69d024702,0.034482758620689655,topic_2,29
30,10,aa856758-bd83-4c9b-8255-8f57d967c345,0.034482758620689655,topic_2,29
30,10,1de6c65c-e97a-4c56-bed5-05e7d993fd0b,0.03333333333333333,topic_2,29
30,10,7a8ffc06-4e2d-4ac2-bb67-da73ae4540b5,0.03333333333333333,topic_2,29
30,10,fc6ff457-240b-49d0-ae35-8ece62332000,0.03333333333333333,topic_2,29
31,8,88e19c0b-f452-43e6-beb1-3c7be8388a08,1.0,topic_2,30
31,8,11e01a8a-1af3-4f27-acae-62ee6e82e706,0.034482758620689655,topic_2,30
31,8,67acf4e8-abac-4027-bfd7-920147a28624,0.034482758620689655,topic_2,30
31,8,641a9d6f-dca1-4e15-a45b-497372d064ff,0.034482758620689655,topic_2,30
31,8,fc67b925-346f-4a6a-b4c7-449173cce689,0.03333333333333333,topic_2,30
31,8,4a087615-ccdb-4bdd-8cf8-55076d373217,0.03333333333333333,topic_2,30
31,8,97829c35-b202-4351-956f-daac968358f3,0.03333333333333333,topic_2,30
31,8,1de6c65c-e97a-4c56-bed5-05e7d993fd0b,0.03125,topic_2,30
32,9,073b1947-a9e6-4d1b-9f74-9b3bf4d47acc,1.0,topic_3,31
32,9,ff49b5cd-6fa0-4dda-995e-78ccc6ae4b2f,0.03333333333333333,topic_2,31
32,9,f000e28a-3538-461b-91b4-274cea22a727,0.03333333333333333,topic_2,31
32,9,9a67d442-43dd-4abf-8251-e6c53be6b3df,0.03333333333333333,topic_2,31
32,9,668aa39c-369d-4b0b-b427-2db26abcd94d,0.03333333333333333,topic_2,31
32,9,04d98f8c-0163-4545-bc51-84b4757b9068,0.03225806451612903,topic_2,31
32,9,18b96157-9bfd-4692-82ef-288e159a75a6,0.03225806451612903,topic_2,31
32,9,85a4f97c-f0be-4d8e-b6f8-a95f997bd1c4,0.03225806451612903,topic_2,31
32,9,3f4e36a2-386d-472e-95fa-a28194e6fa12,0.03225806451612903,topic_2,31
33,9,bffad73b-9adc-4e48-bc6f-9eb604d5e273,1.0,topic_3,32
33,9,90ffa42e-c51b-4f73-999e-2fb67b8de7bf,0.03225806451612903,topic_2,32
33,9,35f6c6d6-d9b7-44b7-8878-2c15defb9daa,0.03225806451612903,topic_2,32
33,9,7de378fe-5a87-4c06-bfd7-127301525de3,0.03225806451612903,topic_2,32
33,9,bd72bc23-99df-4403-8042-1085b90760a2,0.03225806451612903,topic_2,32
33,9,13518644-f3a5-4114-85f3-d1d14e723f2b,0.03225806451612903,topic_2,32
33,9,7a8ffc06-4e2d-4ac2-bb67-da73ae4540b5,0.03125,topic_2,32
33,9,fc6ff457-240b-49d0-ae35-8ece62332000,0.03125,topic_2,32
33,9,f9a16817-7946-4e6c-b338-cff123eba8f8,0.03125,topic_2,32
34,9,c029f8e4-9a40-4e08-a6cc-db86926ad22f,1.0,topic_3,33
34,9,9105495c-5909-415e-a739-d193f5101e7b,0.03125,topic_2,33
34,9,71912f72-f443-44e4-bafa-b6b69d024702,0.03125,topic_2,33
34,9,aa856758-bd83-4c9b-8255-8f57d967c345,0.03125,topic_2,33
34,9,15471639-d1c4-4d26-bd68-5c8ae6272c63,0.03125,topic_2,33
34,9,83b1d399-9e70-41f3-a569-5735d5cfea23,0.03125,topic_2,33
34,9,736329d3-c379-41e9-a77b-1d43838b1e9b,0.03125,topic_2,33
34,9,1de6c65c-e97a-4c56-bed5-05e7d993fd0b,0.030303030303030304,topic_2,33
34,9,fc67b925-346f-4a6a-b4c7-449173cce689,0.030303030303030304,topic_2,33
35,7,2a99bc94-38e2-4722-a89e-6bc38052b259,1.0,topic_3,34
35,7,4a087615-ccdb-4bdd-8cf8-55076d373217,0.030303030303030304,topic_2,34
35,7,97829c35-b202-4351-956f-daac968358f3,0.030303030303030304,topic_2,34
35,7,11e01a8a-1af3-4f27-acae-62ee6e82e706,0.030303030303030304,topic_2,34
35,7,67acf4e8-abac-4027-bfd7-920147a28624,0.030303030303030304,topic_2,34
35,7,641a9d6f-dca1-4e15-a45b-497372d064ff,0.030303030303030304,topic_2,34
35,7,88e19c0b-f452-43e6-beb1-3c7be8388a08,0.030303030303030304,topic_2,34
36,12,67e2c5c6-795f-4893-b9fe-c80b8949f7b3,1.0,topic_3,35
36,12,04d98f8c-0163-4545-bc51-84b4757b9068,0.029411764705882353,topic_2,35
36,12,18b96157-9bfd-4692-82ef-288e159a75a6,0.029411764705882353,topic_2,35
36,12,85a4f97c-f0be-4d8e-b6f8-a95f997bd1c4,0.029411764705882353,topic_2,35
36,12,3f4e36a2-386d-472e-95fa-a28194e6fa12,0.029411764705882353,topic_2,35
36,12,ff49b5cd-6fa0-4dda-995e-78ccc6ae4b2f,0.029411764705882353,topic_2,35
36,12,f000e28a-3538-461b-91b4-274cea22a727,0.029411764705882353,topic_2,35
36,12,9a67d442-43dd-4abf-8251-e6c53be6b3df,0.029411764705882353,topic_2,35
36,12,668aa39c-369d-4b0b-b427-2db26abcd94d,0.029411764705882353,topic_2,35
36,12,7a8ffc06-4e2d-4ac2-bb67-da73ae4540b5,0.02857142857142857,topic_2,35
36,12,fc6ff457-240b-49d0-ae35-8ece62332000,0.02857142857142857,topic_2,35
36,12,1de6c65c-e97a-4c56-bed5-05e7d993fd0b,0.027777777777777776,topic_2,35
37,8,c556cd1c-b4cf-4cfb-9c73-eb936dffb3d1,1.0,topic_3,36
37,8,073b1947-a9e6-4d1b-9f74-9b3bf4d47acc,0.029411764705882353,topic_3,36
37,8,90ffa42e-c51b-4f73-999e-2fb67b8de7bf,0.02857142857142857,topic_2,36
37,8,f9a16817-7946-4e6c-b338-cff123eba8f8,0.02857142857142857,topic_2,36
37,8,35f6c6d6-d9b7-44b7-8878-2c15defb9daa,0.02857142857142857,topic_2,36
37,8,7de378fe-5a87-4c06-bfd7-127301525de3,0.02857142857142857,topic_2,36
37,8,bd72bc23-99df-4403-8042-1085b90760a2,0.02857142857142857,topic_2,36
37,8,1de6c65c-e97a-4c56-bed5-05e7d993fd0b,0.02631578947368421,topic_2,36
38,10,cefd5e58-f397-4926-b93d-256cf7f3e377,1.0,topic_3,37
38,10,13518644-f3a5-4114-85f3-d1d14e723f2b,0.02857142857142857,topic_2,37
38,10,bffad73b-9adc-4e48-bc6f-9eb604d5e273,0.02857142857142857,topic_3,37
38,10,fc67b925-346f-4a6a-b4c7-449173cce689,0.027777777777777776,topic_2,37
38,10,9105495c-5909-415e-a739-d193f5101e7b,0.027777777777777776,topic_2,37
38,10,71912f72-f443-44e4-bafa-b6b69d024702,0.027777777777777776,topic_2,37
38,10,aa856758-bd83-4c9b-8255-8f57d967c345,0.027777777777777776,topic_2,37
38,10,15471639-d1c4-4d26-bd68-5c8ae6272c63,0.027777777777777776,topic_2,37
38,10,7a8ffc06-4e2d-4ac2-bb67-da73ae4540b5,0.02631578947368421,topic_2,37
38,10,fc6ff457-240b-49d0-ae35-8ece62332000,0.02631578947368421,topic_2,37
39,10,f4f44926-46ce-4246-9fbc-38cc6ab82f45,1.0,topic_3,38
39,10,83b1d399-9e70-41f3-a569-5735d5cfea23,0.027777777777777776,topic_2,38
39,10,736329d3-c379-41e9-a77b-1d43838b1e9b,0.027777777777777776,topic_2,38
39,10,c029f8e4-9a40-4e08-a6cc-db86926ad22f,0.027777777777777776,topic_3,38
39,10,4a087615-ccdb-4bdd-8cf8-55076d373217,0.02702702702702703,topic_2,38
39,10,97829c35-b202-4351-956f-daac968358f3,0.02702702702702703,topic_2,38
39,10,11e01a8a-1af3-4f27-acae-62ee6e82e706,0.02702702702702703,topic_2,38
39,10,1de6c65c-e97a-4c56-bed5-05e7d993fd0b,0.02564102564102564,topic_2,38
39,10,7a8ffc06-4e2d-4ac2-bb67-da73ae4540b5,0.025,topic_2,38
39,10,fc6ff457-240b-49d0-ae35-8ece62332000,0.025,topic_2,38
40,10,54927886-e91a-491b-aaab-8f722f9f0bbb,1.0,topic_3,39
40,10,67acf4e8-abac-4027-bfd7-920147a28624,0.02702702702702703,topic_2,39
40,10,641a9d6f-dca1-4e15-a45b-497372d064ff,0.02702702702702703,topic_2,39
40,10,88e19c0b-f452-43e6-beb1-3c7be8388a08,0.02702702702702703,topic_2,39
40,10,2a99bc94-38e2-4722-a89e-6bc38052b259,0.02702702702702703,topic_3,39
40,10,04d98f8c-0163-4545-bc51-84b4757b9068,0.02631578947368421,topic_2,39
40,10,18b96157-9bfd-4692-82ef-288e159a75a6,0.02631578947368421,topic_2,39
40,10,85a4f97c-f0be-4d8e-b6f8-a95f997bd1c4,0.02631578947368421,topic_2,39
40,10,1de6c65c-e97a-4c56-bed5-05e7d993fd0b,0.024390243902439025,topic_2,39
40,10,7a8ffc06-4e2d-4ac2-bb67-da73ae4540b5,0.024390243902439025,topic_2,39
41,10,3cb1decb-4acd-4762-8861-b3e9935625ed,1.0,topic_3,40
41,10,3f4e36a2-386d-472e-95fa-a28194e6fa12,0.02631578947368421,topic_2,40
41,10,ff49b5cd-6fa0-4dda-995e-78ccc6ae4b2f,0.02631578947368421,topic_2,40
41,10,f000e28a-3538-461b-91b4-274cea22a727,0.02631578947368421,topic_2,40
41,10,9a67d442-43dd-4abf-8251-e6c53be6b3df,0.02631578947368421,topic_2,40
41,10,668aa39c-369d-4b0b-b427-2db26abcd94d,0.02631578947368421,topic_2,40
41,10,67e2c5c6-795f-4893-b9fe-c80b8949f7b3,0.02631578947368421,topic_3,40
41,10,35f6c6d6-d9b7-44b7-8878-2c15defb9daa,0.02564102564102564,topic_2,40
41,10,fc6ff457-240b-49d0-ae35-8ece62332000,0.024390243902439025,topic_2,40
41,10,7a8ffc06-4e2d-4ac2-bb67-da73ae4540b5,0.023809523809523808,topic_2,40
42,8,aff6a89f-b9e6-442b-bf61-4b5faa1a7572,1.0,topic_3,41
42,8,90ffa42e-c51b-4f73-999e-2fb67b8de7bf,0.02564102564102564,topic_2,41
42,8,f9a16817-7946-4e6c-b338-cff123eba8f8,0.02564102564102564,topic_2,41
42,8,7de378fe-5a87-4c06-bfd7-127301525de3,0.02564102564102564,topic_2,41
42,8,bd72bc23-99df-4403-8042-1085b90760a2,0.02564102564102564,topic_2,41
42,8,073b1947-a9e6-4d1b-9f74-9b3bf4d47acc,0.02564102564102564,topic_3,41
42,8,1de6c65c-e97a-4c56-bed5-05e7d993fd0b,0.023809523809523808,topic_2,41
42,8,04d98f8c-0163-4545-bc51-84b4757b9068,0.023809523809523808,topic_2,41
43,10,f4d4541a-f321-4547-ac38-cbe0490c1135,1.0,topic_3,42
43,10,c556cd1c-b4cf-4cfb-9c73-eb936dffb3d1,0.02564102564102564,topic_3,42
43,10,fc67b925-346f-4a6a-b4c7-449173cce689,0.025,topic_2,42
43,10,9105495c-5909-415e-a739-d193f5101e7b,0.025,topic_2,42
43,10,71912f72-f443-44e4-bafa-b6b69d024702,0.025,topic_2,42
43,10,aa856758-bd83-4c9b-8255-8f57d967c345,0.025,topic_2,42
43,10,15471639-d1c4-4d26-bd68-5c8ae6272c63,0.025,topic_2,42
43,10,13518644-f3a5-4114-85f3-d1d14e723f2b,0.025,topic_2,42
43,10,7a8ffc06-4e2d-4ac2-bb67-da73ae4540b5,0.023255813953488372,topic_2,42
43,10,fc6ff457-240b-49d0-ae35-8ece62332000,0.023255813953488372,topic_2,42
44,8,1d23920e-3731-4187-b5a0-26ec5e0fa5b6,1.0,topic_3,43
44,8,bffad73b-9adc-4e48-bc6f-9eb604d5e273,0.025,topic_3,43
44,8,cefd5e58-f397-4926-b93d-256cf7f3e377,0.025,topic_3,43
44,8,4a087615-ccdb-4bdd-8cf8-55076d373217,0.024390243902439025,topic_2,43
44,8,97829c35-b202-4351-956f-daac968358f3,0.024390243902439025,topic_2,43
44,8,11e01a8a-1af3-4f27-acae-62ee6e82e706,0.024390243902439025,topic_2,43
44,8,83b1d399-9e70-41f3-a569-5735d5cfea23,0.024390243902439025,topic_2,43
44,8,1de6c65c-e97a-4c56-bed5-05e7d993fd0b,0.022727272727272728,topic_2,43
45,9,3958cc9d-04d4-410d-bba6-8a685373b3ee,1.0,topic_3,44
45,9,736329d3-c379-41e9-a77b-1d43838b1e9b,0.024390243902439025,topic_2,44
45,9,c029f8e4-9a40-4e08-a6cc-db86926ad22f,0.024390243902439025,topic_3,44
45,9,f4f44926-46ce-4246-9fbc-38cc6ab82f45,0.024390243902439025,topic_3,44
45,9,18b96157-9bfd-4692-82ef-288e159a75a6,0.023809523809523808,topic_2,44
45,9,85a4f97c-f0be-4d8e-b6f8-a95f997bd1c4,0.023809523809523808,topic_2,44
45,9,67acf4e8-abac-4027-bfd7-920147a28624,0.023809523809523808,topic_2,44
45,9,641a9d6f-dca1-4e15-a45b-497372d064ff,0.023809523809523808,topic_2,44
45,9,7a8ffc06-4e2d-4ac2-bb67-da73ae4540b5,0.022222222222222223,topic_2,44
46,9,82e30c0d-32fb-4348-a44d-8fd9e92a4c6f,1.0,topic_3,45
46,9,88e19c0b-f452-43e6-beb1-3c7be8388a08,0.023809523809523808,topic_2,45
46,9,2a99bc94-38e2-4722-a89e-6bc38052b259,0.023809523809523808,topic_3,45
46,9,54927886-e91a-491b-aaab-8f722f9f0bbb,0.023809523809523808,topic_3,45
46,9,3f4e36a2-386d-472e-95fa-a28194e6fa12,0.023255813953488372,topic_2,45
46,9,ff49b5cd-6fa0-4dda-995e-78ccc6ae4b2f,0.023255813953488372,topic_2,45
46,9,35f6c6d6-d9b7-44b7-8878-2c15defb9daa,0.023255813953488372,topic_2,45
46,9,fc6ff457-240b-49d0-ae35-8ece62332000,0.022222222222222223,topic_2,45
46,9,1de6c65c-e97a-4c56-bed5-05e7d993fd0b,0.021739130434782608,topic_2,45
47,9,fbef5162-3a94-4d85-85aa-af2f000299e6,1.0,topic_3,46
47,9,f000e28a-3538-461b-91b4-274cea22a727,0.023255813953488372,topic_2,46
47,9,9a67d442-43dd-4abf-8251-e6c53be6b3df,0.023255813953488372,topic_2,46
47,9,668aa39c-369d-4b0b-b427-2db26abcd94d,0.023255813953488372,topic_2,46
47,9,67e2c5c6-795f-4893-b9fe-c80b8949f7b3,0.023255813953488372,topic_3,46
47,9,3cb1decb-4acd-4762-8861-b3e9935625ed,0.023255813953488372,topic_3,46
47,9,04d98f8c-0163-4545-bc51-84b4757b9068,0.022727272727272728,topic_2,46
47,9,7de378fe-5a87-4c06-bfd7-127301525de3,0.022727272727272728,topic_2,46
47,9,7a8ffc06-4e2d-4ac2-bb67-da73ae4540b5,0.02127659574468085,topic_2,46
48,7,597da448-1079-48a8-a117-a01a35ccbcdb,1.0,topic_3,47
48,7,90ffa42e-c51b-4f73-999e-2fb67b8de7bf,0.022727272727272728,topic_2,47
48,7,f9a16817-7946-4e6c-b338-cff123eba8f8,0.022727272727272728,topic_2,47
48,7,bd72bc23-99df-4403-8042-1085b90760a2,0.022727272727272728,topic_2,47
48,7,073b1947-a9e6-4d1b-9f74-9b3bf4d47acc,0.022727272727272728,topic_3,47
48,7,aff6a89f-b9e6-442b-bf61-4b5faa1a7572,0.022727272727272728,topic_3,47
48,7,18b96157-9bfd-4692-82ef-288e159a75a6,0.02127659574468085,topic_2,47
49,10,952521a9-9b3b-430b-8a89-e9e32cfdd2df,1.0,topic_3,48
49,10,fc67b925-346f-4a6a-b4c7-449173cce689,0.022222222222222223,topic_2,48
49,10,9105495c-5909-415e-a739-d193f5101e7b,0.022222222222222223,topic_2,48
49,10,71912f72-f443-44e4-bafa-b6b69d024702,0.022222222222222223,topic_2,48
49,10,aa856758-bd83-4c9b-8255-8f57d967c345,0.022222222222222223,topic_2,48
49,10,15471639-d1c4-4d26-bd68-5c8ae6272c63,0.022222222222222223,topic_2,48
49,10,13518644-f3a5-4114-85f3-d1d14e723f2b,0.022222222222222223,topic_2,48
49,10,c556cd1c-b4cf-4cfb-9c73-eb936dffb3d1,0.022222222222222223,topic_3,48
49,10,1de6c65c-e97a-4c56-bed5-05e7d993fd0b,0.020833333333333332,topic_2,48
49,10,fc6ff457-240b-49d0-ae35-8ece62332000,0.020833333333333332,topic_2,48
50,7,9d3d8aac-43ab-457d-94a1-4632b22453f6,1.0,topic_3,49
50,7,f4d4541a-f321-4547-ac38-cbe0490c1135,0.022222222222222223,topic_3,49
50,7,4a087615-ccdb-4bdd-8cf8-55076d373217,0.021739130434782608,topic_2,49
50,7,97829c35-b202-4351-956f-daac968358f3,0.021739130434782608,topic_2,49
50,7,11e01a8a-1af3-4f27-acae-62ee6e82e706,0.021739130434782608,topic_2,49
50,7,83b1d399-9e70-41f3-a569-5735d5cfea23,0.021739130434782608,topic_2,49
50,7,bffad73b-9adc-4e48-bc6f-9eb604d5e273,0.021739130434782608,topic_3,49
51,8,976740a1-d874-46ac-8eec-5774272bba7b,1.0,topic_3,50
51,8,cefd5e58-f397-4926-b93d-256cf7f3e377,0.021739130434782608,topic_3,50
51,8,1d23920e-3731-4187-b5a0-26ec5e0fa5b6,0.021739130434782608,topic_3,50
51,8,85a4f97c-f0be-4d8e-b6f8-a95f997bd1c4,0.02127659574468085,topic_2,50
51,8,67acf4e8-abac-4027-bfd7-920147a28624,0.02127659574468085,topic_2,50
51,8,641a9d6f-dca1-4e15-a45b-497372d064ff,0.02127659574468085,topic_2,50
51,8,736329d3-c379-41e9-a77b-1d43838b1e9b,0.02127659574468085,topic_2,50
51,8,7a8ffc06-4e2d-4ac2-bb67-da73ae4540b5,0.02040816326530612,topic_2,50
52,9,88283c1e-b52b-470b-8843-a9040dfc0cda,1.0,topic_3,51
52,9,c029f8e4-9a40-4e08-a6cc-db86926ad22f,0.02127659574468085,topic_3,51
52,9,f4f44926-46ce-4246-9fbc-38cc6ab82f45,0.02127659574468085,topic_3,51
52,9,3958cc9d-04d4-410d-bba6-8a685373b3ee,0.02127659574468085,topic_3,51
52,9,3f4e36a2-386d-472e-95fa-a28194e6fa12,0.020833333333333332,topic_2,51
52,9,ff49b5cd-6fa0-4dda-995e-78ccc6ae4b2f,0.020833333333333332,topic_2,51
52,9,35f6c6d6-d9b7-44b7-8878-2c15defb9daa,0.020833333333333332,topic_2,51
52,9,04d98f8c-0163-4545-bc51-84b4757b9068,0.02040816326530612,topic_2,51
52,9,1de6c65c-e97a-4c56-bed5-05e7d993fd0b,0.0196078431372549,topic_2,51
53,8,f2a5a39a-47ed-49c6-957e-4b60f5981a9f,1.0,topic_3,52
53,8,88e19c0b-f452-43e6-beb1-3c7be8388a08,0.020833333333333332,topic_2,52
53,8,2a99bc94-38e2-4722-a89e-6bc38052b259,0.020833333333333332,topic_3,52
53,8,54927886-e91a-491b-aaab-8f722f9f0bbb,0.020833333333333332,topic_3,52
53,8,82e30c0d-32fb-4348-a44d-8fd9e92a4c6f,0.020833333333333332,topic_3,52
53,8,f000e28a-3538-461b-91b4-274cea22a727,0.02040816326530612,topic_2,52
53,8,7de378fe-5a87-4c06-bfd7-127301525de3,0.02040816326530612,topic_2,52
53,8,fc6ff457-240b-49d0-ae35-8ece62332000,0.0196078431372549,topic_2,52
54,8,24016319-3e6f-4d98-bd3e-9c198f06e0fd,1.0,topic_3,53
54,8,9a67d442-43dd-4abf-8251-e6c53be6b3df,0.02040816326530612,topic_2,53
54,8,668aa39c-369d-4b0b-b427-2db26abcd94d,0.02040816326530612,topic_2,53
54,8,67e2c5c6-795f-4893-b9fe-c80b8949f7b3,0.02040816326530612,topic_3,53
54,8,3cb1decb-4acd-4762-8861-b3e9935625ed,0.02040816326530612,topic_3,53
54,8,fbef5162-3a94-4d85-85aa-af2f000299e6,0.02040816326530612,topic_3,53
54,8,18b96157-9bfd-4692-82ef-288e159a75a6,0.02,topic_2,53
54,8,9105495c-5909-415e-a739-d193f5101e7b,0.0196078431372549,topic_2,53
55,8,6b637184-696f-4a62-92e2-c0ec0f74ac4f,1.0,topic_3,54
55,8,90ffa42e-c51b-4f73-999e-2fb67b8de7bf,0.02,topic_2,54
55,8,f9a16817-7946-4e6c-b338-cff123eba8f8,0.02,topic_2,54
55,8,bd72bc23-99df-4403-8042-1085b90760a2,0.02,topic_2,54
55,8,073b1947-a9e6-4d1b-9f74-9b3bf4d47acc,0.02,topic_3,54
55,8,aff6a89f-b9e6-442b-bf61-4b5faa1a7572,0.02,topic_3,54
55,8,7a8ffc06-4e2d-4ac2-bb67-da73ae4540b5,0.018867924528301886,topic_2,54
55,8,1de6c65c-e97a-4c56-bed5-05e7d993fd0b,0.018518518518518517,topic_2,54
56,9,e1e91db1-d0bd-4a14-b32f-1f0da66dcf86,1.0,topic_3,55
56,9,597da448-1079-48a8-a117-a01a35ccbcdb,0.02,topic_3,55
56,9,fc67b925-346f-4a6a-b4c7-449173cce689,0.0196078431372549,topic_2,55
56,9,71912f72-f443-44e4-bafa-b6b69d024702,0.0196078431372549,topic_2,55
56,9,aa856758-bd83-4c9b-8255-8f57d967c345,0.0196078431372549,topic_2,55
56,9,15471639-d1c4-4d26-bd68-5c8ae6272c63,0.0196078431372549,topic_2,55
56,9,13518644-f3a5-4114-85f3-d1d14e723f2b,0.0196078431372549,topic_2,55
56,9,c556cd1c-b4cf-4cfb-9c73-eb936dffb3d1,0.0196078431372549,topic_3,55
56,9,fc6ff457-240b-49d0-ae35-8ece62332000,0.01818181818181818,topic_2,55
57,7,8b745e49-4fb0-4a44-88a6-103f478274a0,1.0,topic_3,56
57,7,952521a9-9b3b-430b-8a89-e9e32cfdd2df,0.0196078431372549,topic_3,56
57,7,4a087615-ccdb-4bdd-8cf8-55076d373217,0.019230769230769232,topic_2,56
57,7,97829c35-b202-4351-956f-daac968358f3,0.019230769230769232,topic_2,56
57,7,11e01a8a-1af3-4f27-acae-62ee6e82e706,0.019230769230769232,topic_2,56
57,7,83b1d399-9e70-41f3-a569-5735d5cfea23,0.019230769230769232,topic_2,56
57,7,bffad73b-9adc-4e48-bc6f-9eb604d5e273,0.019230769230769232,topic_3,56
58,8,24f01c87-1265-4855-886e-8e5ad9f220e4,1.0,topic_3,57
58,8,f4d4541a-f321-4547-ac38-cbe0490c1135,0.019230769230769232,topic_3,57
58,8,9d3d8aac-43ab-457d-94a1-4632b22453f6,0.019230769230769232,topic_3,57
58,8,85a4f97c-f0be-4d8e-b6f8-a95f997bd1c4,0.018867924528301886,topic_2,57
58,8,67acf4e8-abac-4027-bfd7-920147a28624,0.018867924528301886,topic_2,57
58,8,641a9d6f-dca1-4e15-a45b-497372d064ff,0.018867924528301886,topic_2,57
58,8,736329d3-c379-41e9-a77b-1d43838b1e9b,0.018867924528301886,topic_2,57
58,8,04d98f8c-0163-4545-bc51-84b4757b9068,0.018518518518518517,topic_2,57
59,8,ba45b31c-89f8-41de-ade6-a6199da8700a,1.0,topic_3,58
59,8,cefd5e58-f397-4926-b93d-256cf7f3e377,0.018867924528301886,topic_3,58
59,8,1d23920e-3731-4187-b5a0-26ec5e0fa5b6,0.018867924528301886,topic_3,58
59,8,976740a1-d874-46ac-8eec-5774272bba7b,0.018867924528301886,topic_3,58
59,8,3f4e36a2-386d-472e-95fa-a28194e6fa12,0.018518518518518517,topic_2,58
59,8,ff49b5cd-6fa0-4dda-995e-78ccc6ae4b2f,0.018518518518518517,topic_2,58
59,8,35f6c6d6-d9b7-44b7-8878-2c15defb9daa,0.018518518518518517,topic_2,58
59,8,18b96157-9bfd-4692-82ef-288e159a75a6,0.017857142857142856,topic_2,58
60,8,ef0c206a-b480-4a41-a9ca-0bfb3fd2218f,1.0,topic_3,59
60,8,c029f8e4-9a40-4e08-a6cc-db86926ad22f,0.018518518518518517,topic_3,59
60,8,f4f44926-46ce-4246-9fbc-38cc6ab82f45,0.018518518518518517,topic_3,59
60,8,3958cc9d-04d4-410d-bba6-8a685373b3ee,0.018518518518518517,topic_3,59
60,8,88283c1e-b52b-470b-8843-a9040dfc0cda,0.018518518518518517,topic_3,59
60,8,f000e28a-3538-461b-91b4-274cea22a727,0.01818181818181818,topic_2,59
60,8,7de378fe-5a87-4c06-bfd7-127301525de3,0.01818181818181818,topic_2,59
60,8,9105495c-5909-415e-a739-d193f5101e7b,0.017857142857142856,topic_2,59
61,9,a17cf841-9ef8-459d-bb20-d387a80afa98,1.0,topic_3,60
61,9,88e19c0b-f452-43e6-beb1-3c7be8388a08,0.01818181818181818,topic_2,60
61,9,2a99bc94-38e2-4722-a89e-6bc38052b259,0.01818181818181818,topic_3,60
61,9,54927886-e91a-491b-aaab-8f722f9f0bbb,0.01818181818181818,topic_3,60
61,9,82e30c0d-32fb-4348-a44d-8fd9e92a4c6f,0.01818181818181818,topic_3,60
61,9,f2a5a39a-47ed-49c6-957e-4b60f5981a9f,0.01818181818181818,topic_3,60
61,9,1de6c65c-e97a-4c56-bed5-05e7d993fd0b,0.017543859649122806,topic_2,60
61,9,7a8ffc06-4e2d-4ac2-bb67-da73ae4540b5,0.017543859649122806,topic_2,60
61,9,fc6ff457-240b-49d0-ae35-8ece62332000,0.017241379310344827,topic_2,60
62,7,adb61acc-b85e-414f-aeb2-7eebe0c3d259,1.0,topic_4,61
62,7,9a67d442-43dd-4abf-8251-e6c53be6b3df,0.017857142857142856,topic_2,61
62,7,668aa39c-369d-4b0b-b427-2db26abcd94d,0.017857142857142856,topic_2,61
62,7,67e2c5c6-795f-4893-b9fe-c80b8949f7b3,0.017857142857142856,topic_3,61
62,7,3cb1decb-4acd-4762-8861-b3e9935625ed,0.017857142857142856,topic_3,61
62,7,fbef5162-3a94-4d85-85aa-af2f000299e6,0.017857142857142856,topic_3,61
62,7,24016319-3e6f-4d98-bd3e-9c198f06e0fd,0.017857142857142856,topic_3,61
63,6,d96bd3c3-3724-4c95-8769-69a6b3724535,1.0,topic_4,62
63,6,90ffa42e-c51b-4f73-999e-2fb67b8de7bf,0.017543859649122806,topic_2,62
63,6,f9a16817-7946-4e6c-b338-cff123eba8f8,0.017543859649122806,topic_2,62
63,6,bd72bc23-99df-4403-8042-1085b90760a2,0.017543859649122806,topic_2,62
63,6,073b1947-a9e6-4d1b-9f74-9b3bf4d47acc,0.017543859649122806,topic_3,62
63,6,aff6a89f-b9e6-442b-bf61-4b5faa1a7572,0.017543859649122806,topic_3,62
64,8,6037bf6c-ca38-4a4a-8023-c2c2800e635d,1.0,topic_4,63
64,8,6b637184-696f-4a62-92e2-c0ec0f74ac4f,0.017543859649122806,topic_3,63
64,8,fc67b925-346f-4a6a-b4c7-449173cce689,0.017241379310344827,topic_2,63
64,8,71912f72-f443-44e4-bafa-b6b69d024702,0.017241379310344827,topic_2,63
64,8,aa856758-bd83-4c9b-8255-8f57d967c345,0.017241379310344827,topic_2,63
64,8,15471639-d1c4-4d26-bd68-5c8ae6272c63,0.017241379310344827,topic_2,63
64,8,13518644-f3a5-4114-85f3-d1d14e723f2b,0.017241379310344827,topic_2,63
64,8,04d98f8c-0163-4545-bc51-84b4757b9068,0.016666666666666666,topic_2,63
65,7,1f44ae42-afd6-4856-b09c-ae556c0f49f5,1.0,topic_4,64
65,7,c556cd1c-b4cf-4cfb-9c73-eb936dffb3d1,0.017241379310344827,topic_3,64
65,7,597da448-1079-48a8-a117-a01a35ccbcdb,0.017241379310344827,topic_3,64
65,7,e1e91db1-d0bd-4a14-b32f-1f0da66dcf86,0.017241379310344827,topic_3,64
65,7,4a087615-ccdb-4bdd-8cf8-55076d373217,0.01694915254237288,topic_2,64
65,7,97829c35-b202-4351-956f-daac968358f3,0.01694915254237288,topic_2,64
65,7,11e01a8a-1af3-4f27-acae-62ee6e82e706,0.01694915254237288,topic_2,64
66,8,db022815-839c-4fbf-8b2e-882ef63e5d07,1.0,topic_4,65
66,8,83b1d399-9e70-41f3-a569-5735d5cfea23,0.01694915254237288,topic_2,65
66,8,bffad73b-9adc-4e48-bc6f-9eb604d5e273,0.01694915254237288,topic_3,65
66,8,952521a9-9b3b-430b-8a89-e9e32cfdd2df,0.01694915254237288,topic_3,65
66,8,8b745e49-4fb0-4a44-88a6-103f478274a0,0.01694915254237288,topic_3,65
66,8,85a4f97c-f0be-4d8e-b6f8-a95f997bd1c4,0.016666666666666666,topic_2,65
66,8,67acf4e8-abac-4027-bfd7-920147a28624,0.016666666666666666,topic_2,65
66,8,18b96157-9bfd-4692-82ef-288e159a75a6,0.01639344262295082,topic_2,65
67,8,73c484ed-7e63-4250-adae-3258d1b131b9,1.0,topic_4,66
67,8,641a9d6f-dca1-4e15-a45b-497372d064ff,0.016666666666666666,topic_2,66
67,8,736329d3-c379-41e9-a77b-1d43838b1e9b,0.016666666666666666,topic_2,66
67,8,f4d4541a-f321-4547-ac38-cbe0490c1135,0.016666666666666666,topic_3,66
67,8,9d3d8aac-43ab-457d-94a1-4632b22453f6,0.016666666666666666,topic_3,66
67,8,24f01c87-1265-4855-886e-8e5ad9f220e4,0.016666666666666666,topic_3,66
67,8,3f4e36a2-386d-472e-95fa-a28194e6fa12,0.01639344262295082,topic_2,66
67,8,ff49b5cd-6fa0-4dda-995e-78ccc6ae4b2f,0.01639344262295082,topic_2,66
68,10,db52cac4-358b-437e-b1c6-da3618a2c4c8,1.0,topic_4,67
68,10,35f6c6d6-d9b7-44b7-8878-2c15defb9daa,0.01639344262295082,topic_2,67
68,10,cefd5e58-f397-4926-b93d-256cf7f3e377,0.01639344262295082,topic_3,67
68,10,1d23920e-3731-4187-b5a0-26ec5e0fa5b6,0.01639344262295082,topic_3,67
68,10,976740a1-d874-46ac-8eec-5774272bba7b,0.01639344262295082,topic_3,67
68,10,ba45b31c-89f8-41de-ade6-a6199da8700a,0.01639344262295082,topic_3,67
68,10,9105495c-5909-415e-a739-d193f5101e7b,0.016129032258064516,topic_2,67
68,10,1de6c65c-e97a-4c56-bed5-05e7d993fd0b,0.015873015873015872,topic_2,67
68,10,7a8ffc06-4e2d-4ac2-bb67-da73ae4540b5,0.015873015873015872,topic_2,67
68,10,fc6ff457-240b-49d0-ae35-8ece62332000,0.015873015873015872,topic_2,67
69,7,cb5d6161-1f08-4023-b63e-7fa9e5100a56,1.0,topic_4,68
69,7,f000e28a-3538-461b-91b4-274cea22a727,0.016129032258064516,topic_2,68
69,7,7de378fe-5a87-4c06-bfd7-127301525de3,0.016129032258064516,topic_2,68
69,7,c029f8e4-9a40-4e08-a6cc-db86926ad22f,0.016129032258064516,topic_3,68
69,7,f4f44926-46ce-4246-9fbc-38cc6ab82f45,0.016129032258064516,topic_3,68
69,7,3958cc9d-04d4-410d-bba6-8a685373b3ee,0.016129032258064516,topic_3,68
69,7,88283c1e-b52b-470b-8843-a9040dfc0cda,0.016129032258064516,topic_3,68
70,7,2ea60d79-a697-40f8-826c-e978d484bd19,1.0,topic_4,69
70,7,ef0c206a-b480-4a41-a9ca-0bfb3fd2218f,0.016129032258064516,topic_3,69
70,7,88e19c0b-f452-43e6-beb1-3c7be8388a08,0.015873015873015872,topic_2,69
70,7,2a99bc94-38e2-4722-a89e-6bc38052b259,0.015873015873015872,topic_3,69
70,7,54927886-e91a-491b-aaab-8f722f9f0bbb,0.015873015873015872,topic_3,69
70,7,82e30c0d-32fb-4348-a44d-8fd9e92a4c6f,0.015873015873015872,topic_3,69
70,7,f2a5a39a-47ed-49c6-957e-4b60f5981a9f,0.015873015873015872,topic_3,69
71,7,b7b0e4ba-8cc4-4e74-8ef9-c0826eaaf5a3,1.0,topic_4,70
71,7,a17cf841-9ef8-459d-bb20-d387a80afa98,0.015873015873015872,topic_3,70
71,7,9a67d442-43dd-4abf-8251-e6c53be6b3df,0.015625,topic_2,70
71,7,668aa39c-369d-4b0b-b427-2db26abcd94d,0.015625,topic_2,70
71,7,67e2c5c6-795f-4893-b9fe-c80b8949f7b3,0.015625,topic_3,70
71,7,3cb1decb-4acd-4762-8861-b3e9935625ed,0.015625,topic_3,70
71,7,fbef5162-3a94-4d85-85aa-af2f000299e6,0.015625,topic_3,70
72,6,30093ccd-64f2-46e7-90e5-b911c58004c3,1.0,topic_4,71
72,6,24016319-3e6f-4d98-bd3e-9c198f06e0fd,0.015625,topic_3,71
72,6,adb61acc-b85e-414f-aeb2-7eebe0c3d259,0.015625,topic_4,71
72,6,90ffa42e-c51b-4f73-999e-2fb67b8de7bf,0.015384615384615385,topic_2,71
72,6,f9a16817-7946-4e6c-b338-cff123eba8f8,0.015384615384615385,topic_2,71
72,6,bd72bc23-99df-4403-8042-1085b90760a2,0.015384615384615385,topic_2,71
73,7,44ee7d0a-1685-4369-b4eb-8f548b6ad74e,1.0,topic_4,72
73,7,073b1947-a9e6-4d1b-9f74-9b3bf4d47acc,0.015384615384615385,topic_3,72
73,7,aff6a89f-b9e6-442b-bf61-4b5faa1a7572,0.015384615384615385,topic_3,72
73,7,d96bd3c3-3724-4c95-8769-69a6b3724535,0.015384615384615385,topic_4,72
73,7,04d98f8c-0163-4545-bc51-84b4757b9068,0.015151515151515152,topic_2,72
73,7,fc67b925-346f-4a6a-b4c7-449173cce689,0.015151515151515152,topic_2,72
73,7,18b96157-9bfd-4692-82ef-288e159a75a6,0.014705882352941176,topic_2,72
74,8,7e390132-c349-4a10-aff4-a811a4a4357c,1.0,topic_4,73
74,8,71912f72-f443-44e4-bafa-b6b69d024702,0.015151515151515152,topic_2,73
74,8,aa856758-bd83-4c9b-8255-8f57d967c345,0.015151515151515152,topic_2,73
74,8,15471639-d1c4-4d26-bd68-5c8ae6272c63,0.015151515151515152,topic_2,73
74,8,13518644-f3a5-4114-85f3-d1d14e723f2b,0.015151515151515152,topic_2,73
74,8,6b637184-696f-4a62-92e2-c0ec0f74ac4f,0.015151515151515152,topic_3,73
74,8,6037bf6c-ca38-4a4a-8023-c2c2800e635d,0.015151515151515152,topic_4,73
74,8,3f4e36a2-386d-472e-95fa-a28194e6fa12,0.014492753623188406,topic_2,73
75,10,b66af8a9-a95b-4dd4-b162-14c7a06dfcd6,1.0,topic_4,74
75,10,4a087615-ccdb-4bdd-8cf8-55076d373217,0.014925373134328358,topic_2,74
75,10,97829c35-b202-4351-956f-daac968358f3,0.014925373134328358,topic_2,74
75,10,11e01a8a-1af3-4f27-acae-62ee6e82e706,0.014925373134328358,topic_2,74
75,10,c556cd1c-b4cf-4cfb-9c73-eb936dffb3d1,0.014925373134328358,topic_3,74
75,10,597da448-1079-48a8-a117-a01a35ccbcdb,0.014925373134328358,topic_3,74
75,10,e1e91db1-d0bd-4a14-b32f-1f0da66dcf86,0.014925373134328358,topic_3,74
75,10,1de6c65c-e97a-4c56-bed5-05e7d993fd0b,0.014285714285714285,topic_2,74
75,10,7a8ffc06-4e2d-4ac2-bb67-da73ae4540b5,0.014285714285714285,topic_2,74
75,10,fc6ff457-240b-49d0-ae35-8ece62332000,0.014285714285714285,topic_2,74
76,7,f4a88580-ce1a-48ff-b756-4170cd371e56,1.0,topic_4,75
76,7,1f44ae42-afd6-4856-b09c-ae556c0f49f5,0.014925373134328358,topic_4,75
76,7,85a4f97c-f0be-4d8e-b6f8-a95f997bd1c4,0.014705882352941176,topic_2,75
76,7,67acf4e8-abac-4027-bfd7-920147a28624,0.014705882352941176,topic_2,75
76,7,83b1d399-9e70-41f3-a569-5735d5cfea23,0.014705882352941176,topic_2,75
76,7,bffad73b-9adc-4e48-bc6f-9eb604d5e273,0.014705882352941176,topic_3,75
76,7,8b745e49-4fb0-4a44-88a6-103f478274a0,0.014705882352941176,topic_3,75
77,7,f7abf4a9-ed37-4174-8690-1fe3a291e4b5,1.0,topic_4,76
77,7,952521a9-9b3b-430b-8a89-e9e32cfdd2df,0.014705882352941176,topic_3,76
77,7,db022815-839c-4fbf-8b2e-882ef63e5d07,0.014705882352941176,topic_4,76
77,7,ff49b5cd-6fa0-4dda-995e-78ccc6ae4b2f,0.014492753623188406,topic_2,76
77,7,641a9d6f-dca1-4e15-a45b-497372d064ff,0.014492753623188406,topic_2,76
77,7,736329d3-c379-41e9-a77b-1d43838b1e9b,0.014492753623188406,topic_2,76
77,7,f4d4541a-f321-4547-ac38-cbe0490c1135,0.014492753623188406,topic_3,76
78,8,20d0b4d9-d305-4851-83e6-8511c5516981,1.0,topic_4,77
78,8,9d3d8aac-43ab-457d-94a1-4632b22453f6,0.014492753623188406,topic_3,77
78,8,24f01c87-1265-4855-886e-8e5ad9f220e4,0.014492753623188406,topic_3,77
78,8,73c484ed-7e63-4250-adae-3258d1b131b9,0.014492753623188406,topic_4,77
78,8,9105495c-5909-415e-a739-d193f5101e7b,0.014285714285714285,topic_2,77
78,8,35f6c6d6-d9b7-44b7-8878-2c15defb9daa,0.014285714285714285,topic_2,77
78,8,cefd5e58-f397-4926-b93d-256cf7f3e377,0.014285714285714285,topic_3,77
78,8,f000e28a-3538-461b-91b4-274cea22a727,0.014084507042253521,topic_2,77
79,7,fa71984c-663f-4066-a0f8-8eeddb380ae4,1.0,topic_4,78
79,7,1d23920e-3731-4187-b5a0-26ec5e0fa5b6,0.014285714285714285,topic_3,78
79,7,976740a1-d874-46ac-8eec-5774272bba7b,0.014285714285714285,topic_3,78
79,7,ba45b31c-89f8-41de-ade6-a6199da8700a,0.014285714285714285,topic_3,78
79,7,db52cac4-358b-437e-b1c6-da3618a2c4c8,0.014285714285714285,topic_4,78
79,7,7de378fe-5a87-4c06-bfd7-127301525de3,0.014084507042253521,topic_2,78
79,7,ef0c206a-b480-4a41-a9ca-0bfb3fd2218f,0.013888888888888888,topic_3,78
80,7,65fb7fa4-3af6-4a24-9ce8-5a39486aed27,1.0,topic_4,79
80,7,c029f8e4-9a40-4e08-a6cc-db86926ad22f,0.014084507042253521,topic_3,79
80,7,f4f44926-46ce-4246-9fbc-38cc6ab82f45,0.014084507042253521,topic_3,79
80,7,3958cc9d-04d4-410d-bba6-8a685373b3ee,0.014084507042253521,topic_3,79
80,7,88283c1e-b52b-470b-8843-a9040dfc0cda,0.014084507042253521,topic_3,79
80,7,cb5d6161-1f08-4023-b63e-7fa9e5100a56,0.014084507042253521,topic_4,79
80,7,04d98f8c-0163-4545-bc51-84b4757b9068,0.013333333333333334,topic_2,79
81,7,79907fea-e127-4888-9e25-bc4d95e61f60,1.0,topic_4,80
81,7,88e19c0b-f452-43e6-beb1-3c7be8388a08,0.013888888888888888,topic_2,80
81,7,2a99bc94-38e2-4722-a89e-6bc38052b259,0.013888888888888888,topic_3,80
81,7,54927886-e91a-491b-aaab-8f722f9f0bbb,0.013888888888888888,topic_3,80
81,7,82e30c0d-32fb-4348-a44d-8fd9e92a4c6f,0.013888888888888888,topic_3,80
81,7,f2a5a39a-47ed-49c6-957e-4b60f5981a9f,0.013888888888888888,topic_3,80
81,7,18b96157-9bfd-4692-82ef-288e159a75a6,0.013333333333333334,topic_2,80
82,8,8c39decc-e5ee-427c-9135-7b474fb323ab,1.0,topic_4,81
82,8,2ea60d79-a697-40f8-826c-e978d484bd19,0.013888888888888888,topic_4,81
82,8,9a67d442-43dd-4abf-8251-e6c53be6b3df,0.0136986301369863,topic_2,81
82,8,668aa39c-369d-4b0b-b427-2db26abcd94d,0.0136986301369863,topic_2,81
82,8,67e2c5c6-795f-4893-b9fe-c80b8949f7b3,0.0136986301369863,topic_3,81
82,8,3cb1decb-4acd-4762-8861-b3e9935625ed,0.0136986301369863,topic_3,81
82,8,fbef5162-3a94-4d85-85aa-af2f000299e6,0.0136986301369863,topic_3,81
82,8,1de6c65c-e97a-4c56-bed5-05e7d993fd0b,0.012987012987012988,topic_2,81
83,7,00e7d0a1-d62c-4cb4-ba00-ee7263add031,1.0,topic_4,82
83,7,a17cf841-9ef8-459d-bb20-d387a80afa98,0.0136986301369863,topic_3,82
83,7,b7b0e4ba-8cc4-4e74-8ef9-c0826eaaf5a3,0.0136986301369863,topic_4,82
83,7,90ffa42e-c51b-4f73-999e-2fb67b8de7bf,0.013513513513513514,topic_2,82
83,7,f9a16817-7946-4e6c-b338-cff123eba8f8,0.013513513513513514,topic_2,82
83,7,bd72bc23-99df-4403-8042-1085b90760a2,0.013513513513513514,topic_2,82
83,7,3f4e36a2-386d-472e-95fa-a28194e6fa12,0.013157894736842105,topic_2,82
84,8,8641a6d0-37a9-4991-8ca7-ae1ce3f7d38f,1.0,topic_4,83
84,8,24016319-3e6f-4d98-bd3e-9c198f06e0fd,0.013513513513513514,topic_3,83
84,8,adb61acc-b85e-414f-aeb2-7eebe0c3d259,0.013513513513513514,topic_4,83
84,8,30093ccd-64f2-46e7-90e5-b911c58004c3,0.013513513513513514,topic_4,83
84,8,fc67b925-346f-4a6a-b4c7-449173cce689,0.013333333333333334,topic_2,83
84,8,073b1947-a9e6-4d1b-9f74-9b3bf4d47acc,0.013333333333333334,topic_3,83
84,8,7a8ffc06-4e2d-4ac2-bb67-da73ae4540b5,0.012987012987012988,topic_2,83
84,8,fc6ff457-240b-49d0-ae35-8ece62332000,0.012987012987012988,topic_2,83
85,7,865f18aa-b987-44ab-b1e6-3a9cca17c4f5,1.0,topic_4,84
85,7,aff6a89f-b9e6-442b-bf61-4b5faa1a7572,0.013333333333333334,topic_3,84
85,7,d96bd3c3-3724-4c95-8769-69a6b3724535,0.013333333333333334,topic_4,84
85,7,44ee7d0a-1685-4369-b4eb-8f548b6ad74e,0.013333333333333334,topic_4,84
85,7,71912f72-f443-44e4-bafa-b6b69d024702,0.013157894736842105,topic_2,84
85,7,aa856758-bd83-4c9b-8255-8f57d967c345,0.013157894736842105,topic_2,84
85,7,85a4f97c-f0be-4d8e-b6f8-a95f997bd1c4,0.01282051282051282,topic_2,84
86,7,ec88c691-2788-482c-90fc-0f4e84f1dcd9,1.0,topic_4,85
86,7,15471639-d1c4-4d26-bd68-5c8ae6272c63,0.013157894736842105,topic_2,85
86,7,13518644-f3a5-4114-85f3-d1d14e723f2b,0.013157894736842105,topic_2,85
86,7,6b637184-696f-4a62-92e2-c0ec0f74ac4f,0.013157894736842105,topic_3,85
86,7,6037bf6c-ca38-4a4a-8023-c2c2800e635d,0.013157894736842105,topic_4,85
86,7,7e390132-c349-4a10-aff4-a811a4a4357c,0.013157894736842105,topic_4,85
86,7,4a087615-ccdb-4bdd-8cf8-55076d373217,0.012987012987012988,topic_2,85
87,7,d3cce712-55e9-4361-8a63-00aaa458954d,1.0,topic_4,86
87,7,97829c35-b202-4351-956f-daac968358f3,0.012987012987012988,topic_2,86
87,7,11e01a8a-1af3-4f27-acae-62ee6e82e706,0.012987012987012988,topic_2,86
87,7,c556cd1c-b4cf-4cfb-9c73-eb936dffb3d1,0.012987012987012988,topic_3,86
87,7,597da448-1079-48a8-a117-a01a35ccbcdb,0.012987012987012988,topic_3,86
87,7,e1e91db1-d0bd-4a14-b32f-1f0da66dcf86,0.012987012987012988,topic_3,86
87,7,b66af8a9-a95b-4dd4-b162-14c7a06dfcd6,0.012987012987012988,topic_4,86
88,7,c63a402e-939a-4c02-bdfc-d92edc517a22,1.0,topic_4,87
88,7,67acf4e8-abac-4027-bfd7-920147a28624,0.01282051282051282,topic_2,87
88,7,83b1d399-9e70-41f3-a569-5735d5cfea23,0.01282051282051282,topic_2,87
88,7,bffad73b-9adc-4e48-bc6f-9eb604d5e273,0.01282051282051282,topic_3,87
88,7,8b745e49-4fb0-4a44-88a6-103f478274a0,0.01282051282051282,topic_3,87
88,7,1f44ae42-afd6-4856-b09c-ae556c0f49f5,0.01282051282051282,topic_4,87
88,7,f4a88580-ce1a-48ff-b756-4170cd371e56,0.01282051282051282,topic_4,87
89,7,24b364cc-a6c9-4568-91a1-8e373638df4e,1.0,topic_4,88
89,7,ff49b5cd-6fa0-4dda-995e-78ccc6ae4b2f,0.012658227848101266,topic_2,88
89,7,641a9d6f-dca1-4e15-a45b-497372d064ff,0.012658227848101266,topic_2,88
89,7,736329d3-c379-41e9-a77b-1d43838b1e9b,0.012658227848101266,topic_2,88
89,7,f4d4541a-f321-4547-ac38-cbe0490c1135,0.012658227848101266,topic_3,88
89,7,952521a9-9b3b-430b-8a89-e9e32cfdd2df,0.012658227848101266,topic_3,88
89,7,db022815-839c-4fbf-8b2e-882ef63e5d07,0.012658227848101266,topic_4,88
90,8,63399e19-62bb-413a-9c4b-a13662bf8b35,1.0,topic_4,89
90,8,f7abf4a9-ed37-4174-8690-1fe3a291e4b5,0.012658227848101266,topic_4,89
90,8,9105495c-5909-415e-a739-d193f5101e7b,0.0125,topic_2,89
90,8,35f6c6d6-d9b7-44b7-8878-2c15defb9daa,0.0125,topic_2,89
90,8,f000e28a-3538-461b-91b4-274cea22a727,0.0125,topic_2,89
90,8,cefd5e58-f397-4926-b93d-256cf7f3e377,0.0125,topic_3,89
90,8,9d3d8aac-43ab-457d-94a1-4632b22453f6,0.0125,topic_3,89
90,8,73c484ed-7e63-4250-adae-3258d1b131b9,0.0125,topic_4,89
91,8,9809d64a-c70c-4a9e-98d3-7e364fa1dc38,1.0,topic_4,90
91,8,24f01c87-1265-4855-886e-8e5ad9f220e4,0.0125,topic_3,90
91,8,20d0b4d9-d305-4851-83e6-8511c5516981,0.0125,topic_4,90
91,8,7de378fe-5a87-4c06-bfd7-127301525de3,0.012345679012345678,topic_2,90
91,8,1d23920e-3731-4187-b5a0-26ec5e0fa5b6,0.012345679012345678,topic_3,90
91,8,976740a1-d874-46ac-8eec-5774272bba7b,0.012345679012345678,topic_3,90
91,8,ba45b31c-89f8-41de-ade6-a6199da8700a,0.012345679012345678,topic_3,90
91,8,1de6c65c-e97a-4c56-bed5-05e7d993fd0b,0.011904761904761904,topic_2,90
92,8,024882fe-ea85-41d0-9952-ebcce30e9763,1.0,topic_5,91
92,8,ef0c206a-b480-4a41-a9ca-0bfb3fd2218f,0.012345679012345678,topic_3,91
92,8,db52cac4-358b-437e-b1c6-da3618a2c4c8,0.012345679012345678,topic_4,91
92,8,fa71984c-663f-4066-a0f8-8eeddb380ae4,0.012345679012345678,topic_4,91
92,8,04d98f8c-0163-4545-bc51-84b4757b9068,0.012195121951219513,topic_2,91
92,8,c029f8e4-9a40-4e08-a6cc-db86926ad22f,0.012195121951219513,topic_3,91
92,8,f4f44926-46ce-4246-9fbc-38cc6ab82f45,0.012195121951219513,topic_3,91
92,8,3958cc9d-04d4-410d-bba6-8a685373b3ee,0.012195121951219513,topic_3,91
93,8,d2854685-31a4-492e-9f68-181c6ef20400,1.0,topic_5,92
93,8,88283c1e-b52b-470b-8843-a9040dfc0cda,0.012195121951219513,topic_3,92
93,8,cb5d6161-1f08-4023-b63e-7fa9e5100a56,0.012195121951219513,topic_4,92
93,8,65fb7fa4-3af6-4a24-9ce8-5a39486aed27,0.012195121951219513,topic_4,92
93,8,18b96157-9bfd-4692-82ef-288e159a75a6,0.012048192771084338,topic_2,92
93,8,88e19c0b-f452-43e6-beb1-3c7be8388a08,0.012048192771084338,topic_2,92
93,8,3f4e36a2-386d-472e-95fa-a28194e6fa12,0.011764705882352941,topic_2,92
93,8,7a8ffc06-4e2d-4ac2-bb67-da73ae4540b5,0.011627906976744186,topic_2,92
94,7,01ee12b5-d2a5-426a-8b5b-afbb66231a22,1.0,topic_5,93
94,7,2a99bc94-38e2-4722-a89e-6bc38052b259,0.012048192771084338,topic_3,93
94,7,54927886-e91a-491b-aaab-8f722f9f0bbb,0.012048192771084338,topic_3,93
94,7,82e30c0d-32fb-4348-a44d-8fd9e92a4c6f,0.012048192771084338,topic_3,93
94,7,f2a5a39a-47ed-49c6-957e-4b60f5981a9f,0.012048192771084338,topic_3,93
94,7,79907fea-e127-4888-9e25-bc4d95e61f60,0.012048192771084338,topic_4,93
94,7,9a67d442-43dd-4abf-8251-e6c53be6b3df,0.011904761904761904,topic_2,93
95,7,d6faa7d3-f330-46d9-a19f-63cef50a4af7,1.0,topic_5,94
95,7,668aa39c-369d-4b0b-b427-2db26abcd94d,0.011904761904761904,topic_2,94
95,7,67e2c5c6-795f-4893-b9fe-c80b8949f7b3,0.011904761904761904,topic_3,94
95,7,3cb1decb-4acd-4762-8861-b3e9935625ed,0.011904761904761904,topic_3,94
95,7,fbef5162-3a94-4d85-85aa-af2f000299e6,0.011904761904761904,topic_3,94
95,7,2ea60d79-a697-40f8-826c-e978d484bd19,0.011904761904761904,topic_4,94
95,7,8c39decc-e5ee-427c-9135-7b474fb323ab,0.011904761904761904,topic_4,94
96,7,53c14c35-53fa-4131-8621-077eaef58104,1.0,topic_5,95
96,7,90ffa42e-c51b-4f73-999e-2fb67b8de7bf,0.011764705882352941,topic_2,95
96,7,f9a16817-7946-4e6c-b338-cff123eba8f8,0.011764705882352941,topic_2,95
96,7,bd72bc23-99df-4403-8042-1085b90760a2,0.011764705882352941,topic_2,95
96,7,a17cf841-9ef8-459d-bb20-d387a80afa98,0.011764705882352941,topic_3,95
96,7,b7b0e4ba-8cc4-4e74-8ef9-c0826eaaf5a3,0.011764705882352941,topic_4,95
96,7,fc6ff457-240b-49d0-ae35-8ece62332000,0.011627906976744186,topic_2,95
97,6,cddb34c9-cd16-46ea-8e74-1fe4c36e2d48,1.0,topic_5,96
97,6,00e7d0a1-d62c-4cb4-ba00-ee7263add031,0.011764705882352941,topic_4,96
97,6,fc67b925-346f-4a6a-b4c7-449173cce689,0.011627906976744186,topic_2,96
97,6,073b1947-a9e6-4d1b-9f74-9b3bf4d47acc,0.011627906976744186,topic_3,96
97,6,24016319-3e6f-4d98-bd3e-9c198f06e0fd,0.011627906976744186,topic_3,96
97,6,adb61acc-b85e-414f-aeb2-7eebe0c3d259,0.011627906976744186,topic_4,96
98,7,4600bd9a-5595-48a3-a7dc-e77946ee0f51,1.0,topic_5,97
98,7,30093ccd-64f2-46e7-90e5-b911c58004c3,0.011627906976744186,topic_4,97
98,7,8641a6d0-37a9-4991-8ca7-ae1ce3f7d38f,0.011627906976744186,topic_4,97
98,7,85a4f97c-f0be-4d8e-b6f8-a95f997bd1c4,0.011494252873563218,topic_2,97
98,7,71912f72-f443-44e4-bafa-b6b69d024702,0.011494252873563218,topic_2,97
98,7,aa856758-bd83-4c9b-8255-8f57d967c345,0.011494252873563218,topic_2,97
98,7,865f18aa-b987-44ab-b1e6-3a9cca17c4f5,0.011494252873563218,topic_4,97
99,7,18dfe156-4023-4460-99b7-7a2be916acbf,1.0,topic_5,98
99,7,aff6a89f-b9e6-442b-bf61-4b5faa1a7572,0.011494252873563218,topic_3,98
99,7,d96bd3c3-3724-4c95-8769-69a6b3724535,0.011494252873563218,topic_4,98
99,7,44ee7d0a-1685-4369-b4eb-8f548b6ad74e,0.011494252873563218,topic_4,98
99,7,4a087615-ccdb-4bdd-8cf8-55076d373217,0.011363636363636364,topic_2,98
99,7,15471639-d1c4-4d26-bd68-5c8ae6272c63,0.011363636363636364,topic_2,98
99,7,8b745e49-4fb0-4a44-88a6-103f478274a0,0.011111111111111112,topic_3,98
100,7,6c6cce5b-11cb-4036-8e88-ebd6979dfeab,1.0,topic_5,99
100,7,13518644-f3a5-4114-85f3-d1d14e723f2b,0.011363636363636364,topic_2,99
100,7,6b637184-696f-4a62-92e2-c0ec0f74ac4f,0.011363636363636364,topic_3,99
100,7,6037bf6c-ca38-4a4a-8023-c2c2800e635d,0.011363636363636364,topic_4,99
100,7,7e390132-c349-4a10-aff4-a811a4a4357c,0.011363636363636364,topic_4,99
100,7,ec88c691-2788-482c-90fc-0f4e84f1dcd9,0.011363636363636364,topic_4,99
100,7,c556cd1c-b4cf-4cfb-9c73-eb936dffb3d1,0.011235955056179775,topic_3,99
101,8,b879b467-5ffd-4efd-bb3e-da0b4929c6a0,1.0,topic_5,100
101,8,97829c35-b202-4351-956f-daac968358f3,0.011235955056179775,topic_2,100
101,8,11e01a8a-1af3-4f27-acae-62ee6e82e706,0.011235955056179775,topic_2,100
101,8,597da448-1079-48a8-a117-a01a35ccbcdb,0.011235955056179775,topic_3,100
101,8,e1e91db1-d0bd-4a14-b32f-1f0da66dcf86,0.011235955056179775,topic_3,100
101,8,b66af8a9-a95b-4dd4-b162-14c7a06dfcd6,0.011235955056179775,topic_4,100
101,8,d3cce712-55e9-4361-8a63-00aaa458954d,0.011235955056179775,topic_4,100
101,8,1de6c65c-e97a-4c56-bed5-05e7d993fd0b,0.010752688172043012,topic_2,100
102,7,8baaf1fe-7c0a-4275-b7c5-15a232ad1f37,1.0,topic_5,101
102,7,67acf4e8-abac-4027-bfd7-920147a28624,0.011111111111111112,topic_2,101
102,7,83b1d399-9e70-41f3-a569-5735d5cfea23,0.011111111111111112,topic_2,101
102,7,bffad73b-9adc-4e48-bc6f-9eb604d5e273,0.011111111111111112,topic_3,101
102,7,1f44ae42-afd6-4856-b09c-ae556c0f49f5,0.011111111111111112,topic_4,101
102,7,f4a88580-ce1a-48ff-b756-4170cd371e56,0.011111111111111112,topic_4,101
102,7,9105495c-5909-415e-a739-d193f5101e7b,0.010869565217391304,topic_2,101
103,8,7a21859d-85c2-4b0c-8d11-2911951b4fa6,1.0,topic_5,102
103,8,c63a402e-939a-4c02-bdfc-d92edc517a22,0.011111111111111112,topic_4,102
103,8,ff49b5cd-6fa0-4dda-995e-78ccc6ae4b2f,0.01098901098901099,topic_2,102
103,8,641a9d6f-dca1-4e15-a45b-497372d064ff,0.01098901098901099,topic_2,102
103,8,736329d3-c379-41e9-a77b-1d43838b1e9b,0.01098901098901099,topic_2,102
103,8,f4d4541a-f321-4547-ac38-cbe0490c1135,0.01098901098901099,topic_3,102
103,8,952521a9-9b3b-430b-8a89-e9e32cfdd2df,0.01098901098901099,topic_3,102
103,8,7a8ffc06-4e2d-4ac2-bb67-da73ae4540b5,0.010526315789473684,topic_2,102
104,7,2c47d6eb-aaca-4488-8eb2-dd9bdf1929c0,1.0,topic_5,103
104,7,db022815-839c-4fbf-8b2e-882ef63e5d07,0.01098901098901099,topic_4,103
104,7,24b364cc-a6c9-4568-91a1-8e373638df4e,0.01098901098901099,topic_4,103
104,7,35f6c6d6-d9b7-44b7-8878-2c15defb9daa,0.010869565217391304,topic_2,103
104,7,f000e28a-3538-461b-91b4-274cea22a727,0.010869565217391304,topic_2,103
104,7,cefd5e58-f397-4926-b93d-256cf7f3e377,0.010869565217391304,topic_3,103
104,7,9d3d8aac-43ab-457d-94a1-4632b22453f6,0.010869565217391304,topic_3,103
105,7,fd9af509-65ef-47f9-a060-2fabbc1dfaf0,1.0,topic_5,104
105,7,73c484ed-7e63-4250-adae-3258d1b131b9,0.010869565217391304,topic_4,104
105,7,f7abf4a9-ed37-4174-8690-1fe3a291e4b5,0.010869565217391304,topic_4,104
105,7,63399e19-62bb-413a-9c4b-a13662bf8b35,0.010869565217391304,topic_4,104
105,7,7de378fe-5a87-4c06-bfd7-127301525de3,0.010752688172043012,topic_2,104
105,7,1d23920e-3731-4187-b5a0-26ec5e0fa5b6,0.010752688172043012,topic_3,104
105,7,976740a1-d874-46ac-8eec-5774272bba7b,0.010752688172043012,topic_3,104
106,8,361a03ce-a522-4409-9e91-80a7bad8fe2e,1.0,topic_5,105
106,8,24f01c87-1265-4855-886e-8e5ad9f220e4,0.010752688172043012,topic_3,105
106,8,ba45b31c-89f8-41de-ade6-a6199da8700a,0.010752688172043012,topic_3,105
106,8,20d0b4d9-d305-4851-83e6-8511c5516981,0.010752688172043012,topic_4,105
106,8,9809d64a-c70c-4a9e-98d3-7e364fa1dc38,0.010752688172043012,topic_4,105
106,8,04d98f8c-0163-4545-bc51-84b4757b9068,0.010638297872340425,topic_2,105
106,8,c029f8e4-9a40-4e08-a6cc-db86926ad22f,0.010638297872340425,topic_3,105
106,8,f4f44926-46ce-4246-9fbc-38cc6ab82f45,0.010638297872340425,topic_3,105
107,9,1291bfe0-cb4a-4bc7-a68d-1c974bed4440,1.0,topic_5,106
107,9,3958cc9d-04d4-410d-bba6-8a685373b3ee,0.010638297872340425,topic_3,106
107,9,ef0c206a-b480-4a41-a9ca-0bfb3fd2218f,0.010638297872340425,topic_3,106
107,9,db52cac4-358b-437e-b1c6-da3618a2c4c8,0.010638297872340425,topic_4,106
107,9,fa71984c-663f-4066-a0f8-8eeddb380ae4,0.010638297872340425,topic_4,106
107,9,024882fe-ea85-41d0-9952-ebcce30e9763,0.010638297872340425,topic_5,106
107,9,18b96157-9bfd-4692-82ef-288e159a75a6,0.010526315789473684,topic_2,106
107,9,3f4e36a2-386d-472e-95fa-a28194e6fa12,0.010526315789473684,topic_2,106
107,9,fc6ff457-240b-49d0-ae35-8ece62332000,0.01020408163265306,topic_2,106
108,6,436fb98a-2f47-4518-b916-2eec4a247584,1.0,topic_5,107
108,6,88e19c0b-f452-43e6-beb1-3c7be8388a08,0.010526315789473684,topic_2,107
108,6,88283c1e-b52b-470b-8843-a9040dfc0cda,0.010526315789473684,topic_3,107
108,6,cb5d6161-1f08-4023-b63e-7fa9e5100a56,0.010526315789473684,topic_4,107
108,6,65fb7fa4-3af6-4a24-9ce8-5a39486aed27,0.010526315789473684,topic_4,107
108,6,d2854685-31a4-492e-9f68-181c6ef20400,0.010526315789473684,topic_5,107
109,7,8a7d157f-b6f4-48a3-82df-c036cf65a4a1,1.0,topic_5,108
109,7,9a67d442-43dd-4abf-8251-e6c53be6b3df,0.010416666666666666,topic_2,108
109,7,2a99bc94-38e2-4722-a89e-6bc38052b259,0.010416666666666666,topic_3,108
109,7,54927886-e91a-491b-aaab-8f722f9f0bbb,0.010416666666666666,topic_3,108
109,7,82e30c0d-32fb-4348-a44d-8fd9e92a4c6f,0.010416666666666666,topic_3,108
109,7,f2a5a39a-47ed-49c6-957e-4b60f5981a9f,0.010416666666666666,topic_3,108
109,7,79907fea-e127-4888-9e25-bc4d95e61f60,0.010416666666666666,topic_4,108
110,7,1cd03716-09a0-4ffa-91a6-73503f663b50,1.0,topic_5,109
110,7,01ee12b5-d2a5-426a-8b5b-afbb66231a22,0.010416666666666666,topic_5,109
110,7,668aa39c-369d-4b0b-b427-2db26abcd94d,0.010309278350515464,topic_2,109
110,7,67e2c5c6-795f-4893-b9fe-c80b8949f7b3,0.010309278350515464,topic_3,109
110,7,3cb1decb-4acd-4762-8861-b3e9935625ed,0.010309278350515464,topic_3,109
110,7,fbef5162-3a94-4d85-85aa-af2f000299e6,0.010309278350515464,topic_3,109
110,7,8c39decc-e5ee-427c-9135-7b474fb323ab,0.010309278350515464,topic_4,109
111,7,21042037-dfd4-466a-ae8d-27c926a8398c,1.0,topic_5,110
111,7,2ea60d79-a697-40f8-826c-e978d484bd19,0.010309278350515464,topic_4,110
111,7,d6faa7d3-f330-46d9-a19f-63cef50a4af7,0.010309278350515464,topic_5,110
111,7,90ffa42e-c51b-4f73-999e-2fb67b8de7bf,0.01020408163265306,topic_2,110
111,7,f9a16817-7946-4e6c-b338-cff123eba8f8,0.01020408163265306,topic_2,110
111,7,bd72bc23-99df-4403-8042-1085b90760a2,0.01020408163265306,topic_2,110
111,7,85a4f97c-f0be-4d8e-b6f8-a95f997bd1c4,0.01,topic_2,110
112,7,6e926d67-b6b0-40d0-af10-f20f06178bc0,1.0,topic_5,111
112,7,a17cf841-9ef8-459d-bb20-d387a80afa98,0.01020408163265306,topic_3,111
112,7,b7b0e4ba-8cc4-4e74-8ef9-c0826eaaf5a3,0.01020408163265306,topic_4,111
112,7,53c14c35-53fa-4131-8621-077eaef58104,0.01020408163265306,topic_5,111
112,7,fc67b925-346f-4a6a-b4c7-449173cce689,0.010101010101010102,topic_2,111
112,7,073b1947-a9e6-4d1b-9f74-9b3bf4d47acc,0.010101010101010102,topic_3,111
112,7,71912f72-f443-44e4-bafa-b6b69d024702,0.01,topic_2,111
113,8,80f52c7e-4dc2-43ae-8b7c-ebec315ef5da,1.0,topic_2,112
113,8,24016319-3e6f-4d98-bd3e-9c198f06e0fd,0.010101010101010102,topic_3,112
113,8,adb61acc-b85e-414f-aeb2-7eebe0c3d259,0.010101010101010102,topic_4,112
113,8,00e7d0a1-d62c-4cb4-ba00-ee7263add031,0.010101010101010102,topic_4,112
113,8,cddb34c9-cd16-46ea-8e74-1fe4c36e2d48,0.010101010101010102,topic_5,112
113,8,aa856758-bd83-4c9b-8255-8f57d967c345,0.01,topic_2,112
113,8,30093ccd-64f2-46e7-90e5-b911c58004c3,0.01,topic_4,112
113,8,1de6c65c-e97a-4c56-bed5-05e7d993fd0b,0.009708737864077669,topic_2,112
114,8,ad78c1fa-3bb4-4ccf-b52e-d95d3a6a0d41,1.0,topic_2,113
114,8,8641a6d0-37a9-4991-8ca7-ae1ce3f7d38f,0.01,topic_4,113
114,8,865f18aa-b987-44ab-b1e6-3a9cca17c4f5,0.01,topic_4,113
114,8,4600bd9a-5595-48a3-a7dc-e77946ee0f51,0.01,topic_5,113
114,8,4a087615-ccdb-4bdd-8cf8-55076d373217,0.009900990099009901,topic_2,113
114,8,15471639-d1c4-4d26-bd68-5c8ae6272c63,0.009900990099009901,topic_2,113
114,8,aff6a89f-b9e6-442b-bf61-4b5faa1a7572,0.009900990099009901,topic_3,113
114,8,8b745e49-4fb0-4a44-88a6-103f478274a0,0.009900990099009901,topic_3,113
115,8,b8360713-6bc0-406b-adc8-f6a1b2552eba,1.0,topic_6,114
115,8,d96bd3c3-3724-4c95-8769-69a6b3724535,0.009900990099009901,topic_4,114
115,8,44ee7d0a-1685-4369-b4eb-8f548b6ad74e,0.009900990099009901,topic_4,114
115,8,18dfe156-4023-4460-99b7-7a2be916acbf,0.009900990099009901,topic_5,114
115,8,13518644-f3a5-4114-85f3-d1d14e723f2b,0.00980392156862745,topic_2,114
115,8,c556cd1c-b4cf-4cfb-9c73-eb936dffb3d1,0.00980392156862745,topic_3,114
115,8,6b637184-696f-4a62-92e2-c0ec0f74ac4f,0.00980392156862745,topic_3,114
115,8,7a8ffc06-4e2d-4ac2-bb67-da73ae4540b5,0.009523809523809525,topic_2,114
116,7,2610ed20-6e1b-4d24-82d2-e98d0548e3e4,1.0,topic_3,115
116,7,6037bf6c-ca38-4a4a-8023-c2c2800e635d,0.00980392156862745,topic_4,115
116,7,7e390132-c349-4a10-aff4-a811a4a4357c,0.00980392156862745,topic_4,115
116,7,ec88c691-2788-482c-90fc-0f4e84f1dcd9,0.00980392156862745,topic_4,115
116,7,6c6cce5b-11cb-4036-8e88-ebd6979dfeab,0.00980392156862745,topic_5,115
116,7,97829c35-b202-4351-956f-daac968358f3,0.009708737864077669,topic_2,115
116,7,11e01a8a-1af3-4f27-acae-62ee6e82e706,0.009708737864077669,topic_2,115
117,8,eccc199f-2f2c-431c-8f0b-1a0061ab0fb0,1.0,topic_3,116
117,8,597da448-1079-48a8-a117-a01a35ccbcdb,0.009708737864077669,topic_3,116
117,8,e1e91db1-d0bd-4a14-b32f-1f0da66dcf86,0.009708737864077669,topic_3,116
117,8,b66af8a9-a95b-4dd4-b162-14c7a06dfcd6,0.009708737864077669,topic_4,116
117,8,d3cce712-55e9-4361-8a63-00aaa458954d,0.009708737864077669,topic_4,116
117,8,b879b467-5ffd-4efd-bb3e-da0b4929c6a0,0.009708737864077669,topic_5,116
117,8,9105495c-5909-415e-a739-d193f5101e7b,0.009615384615384616,topic_2,116
117,8,67acf4e8-abac-4027-bfd7-920147a28624,0.009615384615384616,topic_2,116
118,7,607217d7-640a-494c-9a52-0dbda0889266,1.0,topic_3,117
118,7,83b1d399-9e70-41f3-a569-5735d5cfea23,0.009615384615384616,topic_2,117
118,7,bffad73b-9adc-4e48-bc6f-9eb604d5e273,0.009615384615384616,topic_3,117
118,7,1f44ae42-afd6-4856-b09c-ae556c0f49f5,0.009615384615384616,topic_4,117
118,7,f4a88580-ce1a-48ff-b756-4170cd371e56,0.009615384615384616,topic_4,117
118,7,8baaf1fe-7c0a-4275-b7c5-15a232ad1f37,0.009615384615384616,topic_5,117
118,7,ff49b5cd-6fa0-4dda-995e-78ccc6ae4b2f,0.009523809523809525,topic_2,117
119,9,fa078d02-ff7b-4c6d-9ffc-2e07e6f88209,1.0,topic_5,118
119,9,641a9d6f-dca1-4e15-a45b-497372d064ff,0.009523809523809525,topic_2,118
119,9,736329d3-c379-41e9-a77b-1d43838b1e9b,0.009523809523809525,topic_2,118
119,9,f4d4541a-f321-4547-ac38-cbe0490c1135,0.009523809523809525,topic_3,118
119,9,952521a9-9b3b-430b-8a89-e9e32cfdd2df,0.009523809523809525,topic_3,118
119,9,c63a402e-939a-4c02-bdfc-d92edc517a22,0.009523809523809525,topic_4,118
119,9,7a21859d-85c2-4b0c-8d11-2911951b4fa6,0.009523809523809525,topic_5,118
119,9,35f6c6d6-d9b7-44b7-8878-2c15defb9daa,0.009433962264150943,topic_2,118
119,9,fc6ff457-240b-49d0-ae35-8ece62332000,0.009174311926605505,topic_2,118
120,8,4c4e6250-0030-440c-89b4-452b9ed22904,1.0,topic_5,119
120,8,f000e28a-3538-461b-91b4-274cea22a727,0.009433962264150943,topic_2,119
120,8,cefd5e58-f397-4926-b93d-256cf7f3e377,0.009433962264150943,topic_3,119
120,8,9d3d8aac-43ab-457d-94a1-4632b22453f6,0.009433962264150943,topic_3,119
120,8,db022815-839c-4fbf-8b2e-882ef63e5d07,0.009433962264150943,topic_4,119
120,8,24b364cc-a6c9-4568-91a1-8e373638df4e,0.009433962264150943,topic_4,119
120,8,2c47d6eb-aaca-4488-8eb2-dd9bdf1929c0,0.009433962264150943,topic_5,119
120,8,73c484ed-7e63-4250-adae-3258d1b131b9,0.009345794392523364,topic_4,119
121,7,cf715abb-a2cc-49f0-adf4-7536977e406d,1.0,topic_4,120
121,7,7de378fe-5a87-4c06-bfd7-127301525de3,0.009345794392523364,topic_2,120
121,7,1d23920e-3731-4187-b5a0-26ec5e0fa5b6,0.009345794392523364,topic_3,120
121,7,976740a1-d874-46ac-8eec-5774272bba7b,0.009345794392523364,topic_3,120
121,7,f7abf4a9-ed37-4174-8690-1fe3a291e4b5,0.009345794392523364,topic_4,120
121,7,63399e19-62bb-413a-9c4b-a13662bf8b35,0.009345794392523364,topic_4,120
121,7,fd9af509-65ef-47f9-a060-2fabbc1dfaf0,0.009345794392523364,topic_5,120
