turn,episode_id,episode_turn,topic,similarity,provenance,promoted_at_turn,trigger_type,triggered_filter,distilled_id,dream_event,event_type,source_episode_ids,source_turns,salience
32,f8bcd284-1fa6-4ea2-9687-78e5ac2d17a9,4,topic_2,0.32282936573028564,ltm,,,,11751190-dba4-5315-85e2-1f1a513a5159,31,transition,"[""f8bcd284-1fa6-4ea2-9687-78e5ac2d17a9""]",[4],8
32,28e337c5-614e-40ca-9738-b3b229715577,8,topic_2,0.23848235607147217,ltm,,,,5a833feb-6144-5fe0-b6e6-b8bb09480a43,31,transition,"[""28e337c5-614e-40ca-9738-b3b229715577""]",[8],5
32,9aa85cbf-8bee-4563-a2a3-1f1623b6cfa1,10,topic_2,0.22978945076465607,ltm,,,,7a2d30dd-2438-50b7-b85c-3f6d5c04149f,31,transition,"[""9aa85cbf-8bee-4563-a2a3-1f1623b6cfa1""]",[10],8
32,77507908-2b0b-4e0e-99c7-60f6e20df45f,20,topic_2,0.22819986939430237,ltm,,,,9a448704-637c-543d-b083-444cdbfba374,31,transition,"[""77507908-2b0b-4e0e-99c7-60f6e20df45f""]",[20],4
33,1d5ce599-cb2b-4fc9-99df-23b15269b399,6,topic_2,0.20267413556575775,ltm,,,,26f03771-6de9-5839-bb7a-62f015264b73,31,transition,"[""1d5ce599-cb2b-4fc9-99df-23b15269b399""]",[6],7
33,28e337c5-614e-40ca-9738-b3b229715577,8,topic_2,0.196316197514534,ltm,,,,0b42ddd5-b4e5-5bed-93a3-1c5874433596,31,transition,"[""28e337c5-614e-40ca-9738-b3b229715577""]",[8],6
33,77507908-2b0b-4e0e-99c7-60f6e20df45f,20,topic_2,0.19280852377414703,ltm,,,,cf1eaab2-e600-5df8-b882-783f53dd7836,31,transition,"[""77507908-2b0b-4e0e-99c7-60f6e20df45f""]",[20],4
34,9eb68599-4336-4534-a101-1c03a3aefcd7,18,topic_2,0.2648565471172333,ltm,,,,7188a7bd-b8dc-5e14-87e4-8106c4d50bbe,31,transition,"[""9eb68599-4336-4534-a101-1c03a3aefcd7""]",[18],5
34,77507908-2b0b-4e0e-99c7-60f6e20df45f,20,topic_2,0.2640601694583893,ltm,,,,8beeff18-1ca1-5644-a60b-df91a6ce097f,31,transition,"[""77507908-2b0b-4e0e-99c7-60f6e20df45f""]",[20],3
34,f8bcd284-1fa6-4ea2-9687-78e5ac2d17a9,4,topic_2,0.23331646621227264,ltm,,,,f0f01aaf-e61a-53ac-afd9-2d074c921005,31,transition,"[""f8bcd284-1fa6-4ea2-9687-78e5ac2d17a9""]",[4],4
34,3f42455a-8719-41fe-80ec-9d9151d12422,28,topic_2,0.22870445251464844,ltm,,,,39d11edb-b481-51f0-b8b7-b99a16479c8d,31,transition,"[""3f42455a-8719-41fe-80ec-9d9151d12422""]",[28],3
35,f8bcd284-1fa6-4ea2-9687-78e5ac2d17a9,4,topic_2,0.30119022727012634,ltm,,,,ef885fef-be3f-59d9-b34f-6a8cff3b05bc,31,transition,"[""f8bcd284-1fa6-4ea2-9687-78e5ac2d17a9""]",[4],5
35,77507908-2b0b-4e0e-99c7-60f6e20df45f,20,topic_2,0.27931857109069824,ltm,,,,9a448704-637c-543d-b083-444cdbfba374,31,transition,"[""77507908-2b0b-4e0e-99c7-60f6e20df45f""]",[20],4
36,f8bcd284-1fa6-4ea2-9687-78e5ac2d17a9,4,topic_2,0.3278677463531494,ltm,,,,11751190-dba4-5315-85e2-1f1a513a5159,31,transition,"[""f8bcd284-1fa6-4ea2-9687-78e5ac2d17a9""]",[4],8
36,28e337c5-614e-40ca-9738-b3b229715577,8,topic_2,0.300971120595932,ltm,,,,5a833feb-6144-5fe0-b6e6-b8bb09480a43,31,transition,"[""28e337c5-614e-40ca-9738-b3b229715577""]",[8],5
36,77507908-2b0b-4e0e-99c7-60f6e20df45f,20,topic_2,0.2939794063568115,ltm,,,,9a448704-637c-543d-b083-444cdbfba374,31,transition,"[""77507908-2b0b-4e0e-99c7-60f6e20df45f""]",[20],4
36,62280c45-2825-490d-84f5-8249740d1a62,3,topic_2,0.2646820545196533,ltm,,,,eb45a521-6b35-5cb8-bb40-a640416663a0,31,transition,"[""62280c45-2825-490d-84f5-8249740d1a62""]",[3],2
36,3f42455a-8719-41fe-80ec-9d9151d12422,28,topic_2,0.2629147469997406,ltm,,,,39d11edb-b481-51f0-b8b7-b99a16479c8d,31,transition,"[""3f42455a-8719-41fe-80ec-9d9151d12422""]",[28],3
37,f8bcd284-1fa6-4ea2-9687-78e5ac2d17a9,4,topic_2,0.3719466030597687,ltm,,,,11751190-dba4-5315-85e2-1f1a513a5159,31,transition,"[""f8bcd284-1fa6-4ea2-9687-78e5ac2d17a9""]",[4],8
37,9aa85cbf-8bee-4563-a2a3-1f1623b6cfa1,10,topic_2,0.30557283759117126,ltm,,,,7a2d30dd-2438-50b7-b85c-3f6d5c04149f,31,transition,"[""9aa85cbf-8bee-4563-a2a3-1f1623b6cfa1""]",[10],8
37,62280c45-2825-490d-84f5-8249740d1a62,3,topic_2,0.2989421486854553,ltm,,,,eb45a521-6b35-5cb8-bb40-a640416663a0,31,transition,"[""62280c45-2825-490d-84f5-8249740d1a62""]",[3],2
37,77507908-2b0b-4e0e-99c7-60f6e20df45f,20,topic_2,0.29549989104270935,ltm,,,,8beeff18-1ca1-5644-a60b-df91a6ce097f,31,transition,"[""77507908-2b0b-4e0e-99c7-60f6e20df45f""]",[20],3
38,1098dc9f-c9a8-49bc-a53e-0c388e35a798,14,topic_2,0.27274811267852783,ltm,,,,3e8f73a0-ff72-53ee-96ce-6e0aafd755b9,31,transition,"[""1098dc9f-c9a8-49bc-a53e-0c388e35a798""]",[14],3
38,62280c45-2825-490d-84f5-8249740d1a62,3,topic_2,0.27206951379776,ltm,,,,eb45a521-6b35-5cb8-bb40-a640416663a0,31,transition,"[""62280c45-2825-490d-84f5-8249740d1a62""]",[3],2
38,f8bcd284-1fa6-4ea2-9687-78e5ac2d17a9,4,topic_2,0.2644827961921692,ltm,,,,11751190-dba4-5315-85e2-1f1a513a5159,31,transition,"[""f8bcd284-1fa6-4ea2-9687-78e5ac2d17a9""]",[4],8
38,77507908-2b0b-4e0e-99c7-60f6e20df45f,20,topic_2,0.25622761249542236,ltm,,,,86577cc7-21ec-5f4d-970e-ee94a1679081,31,transition,"[""77507908-2b0b-4e0e-99c7-60f6e20df45f""]",[20],3
39,f8bcd284-1fa6-4ea2-9687-78e5ac2d17a9,4,topic_2,0.24288025498390198,ltm,,,,11751190-dba4-5315-85e2-1f1a513a5159,31,transition,"[""f8bcd284-1fa6-4ea2-9687-78e5ac2d17a9""]",[4],8
39,77507908-2b0b-4e0e-99c7-60f6e20df45f,20,topic_2,0.2210850864648819,ltm,,,,cf1eaab2-e600-5df8-b882-783f53dd7836,31,transition,"[""77507908-2b0b-4e0e-99c7-60f6e20df45f""]",[20],4
39,96c396c3-ba07-45e9-b71a-5ff3db44706d,22,topic_2,0.21674466133117676,ltm,,,,fbeaeb75-f073-5902-9779-1721fff9ccfd,31,transition,"[""96c396c3-ba07-45e9-b71a-5ff3db44706d""]",[22],3
39,1d5ce599-cb2b-4fc9-99df-23b15269b399,6,topic_2,0.21037301421165466,ltm,,,,26f03771-6de9-5839-bb7a-62f015264b73,31,transition,"[""1d5ce599-cb2b-4fc9-99df-23b15269b399""]",[6],7
39,28e337c5-614e-40ca-9738-b3b229715577,8,topic_2,0.19854657351970673,ltm,,,,5a833feb-6144-5fe0-b6e6-b8bb09480a43,31,transition,"[""28e337c5-614e-40ca-9738-b3b229715577""]",[8],5
40,3f42455a-8719-41fe-80ec-9d9151d12422,28,topic_2,0.2951306998729706,ltm,,,,39d11edb-b481-51f0-b8b7-b99a16479c8d,31,transition,"[""3f42455a-8719-41fe-80ec-9d9151d12422""]",[28],3
40,62280c45-2825-490d-84f5-8249740d1a62,3,topic_2,0.25919201970100403,ltm,,,,eb45a521-6b35-5cb8-bb40-a640416663a0,31,transition,"[""62280c45-2825-490d-84f5-8249740d1a62""]",[3],2
40,f8bcd284-1fa6-4ea2-9687-78e5ac2d17a9,4,topic_2,0.2590670883655548,ltm,,,,f0f01aaf-e61a-53ac-afd9-2d074c921005,31,transition,"[""f8bcd284-1fa6-4ea2-9687-78e5ac2d17a9""]",[4],4
40,77507908-2b0b-4e0e-99c7-60f6e20df45f,20,topic_2,0.25808781385421753,ltm,,,,86577cc7-21ec-5f4d-970e-ee94a1679081,31,transition,"[""77507908-2b0b-4e0e-99c7-60f6e20df45f""]",[20],3
41,f8bcd284-1fa6-4ea2-9687-78e5ac2d17a9,4,topic_2,0.263476699590683,ltm,,,,11751190-dba4-5315-85e2-1f1a513a5159,31,transition,"[""f8bcd284-1fa6-4ea2-9687-78e5ac2d17a9""]",[4],8
41,77507908-2b0b-4e0e-99c7-60f6e20df45f,20,topic_2,0.25503286719322205,ltm,,,,8beeff18-1ca1-5644-a60b-df91a6ce097f,31,transition,"[""77507908-2b0b-4e0e-99c7-60f6e20df45f""]",[20],3
41,1098dc9f-c9a8-49bc-a53e-0c388e35a798,14,topic_2,0.22522881627082825,ltm,,,,3e8f73a0-ff72-53ee-96ce-6e0aafd755b9,31,transition,"[""1098dc9f-c9a8-49bc-a53e-0c388e35a798""]",[14],3
41,28e337c5-614e-40ca-9738-b3b229715577,8,topic_2,0.21871301531791687,ltm,,,,5a833feb-6144-5fe0-b6e6-b8bb09480a43,31,transition,"[""28e337c5-614e-40ca-9738-b3b229715577""]",[8],5
41,62280c45-2825-490d-84f5-8249740d1a62,3,topic_2,0.21816565096378326,ltm,,,,eb45a521-6b35-5cb8-bb40-a640416663a0,31,transition,"[""62280c45-2825-490d-84f5-8249740d1a62""]",[3],2
42,f8bcd284-1fa6-4ea2-9687-78e5ac2d17a9,4,topic_2,0.32099270820617676,ltm,,,,11751190-dba4-5315-85e2-1f1a513a5159,31,transition,"[""f8bcd284-1fa6-4ea2-9687-78e5ac2d17a9""]",[4],8
42,b9f26bab-87a0-46fd-b2da-37718b191be9,24,topic_2,0.3054901957511902,ltm,,,,5bbdc389-7e1d-589a-bced-a04a83c6b003,31,transition,"[""b9f26bab-87a0-46fd-b2da-37718b191be9""]",[24],10
42,77507908-2b0b-4e0e-99c7-60f6e20df45f,20,topic_2,0.28786832094192505,ltm,,,,9a448704-637c-543d-b083-444cdbfba374,31,transition,"[""77507908-2b0b-4e0e-99c7-60f6e20df45f""]",[20],4
42,1098dc9f-c9a8-49bc-a53e-0c388e35a798,14,topic_2,0.2808785140514374,ltm,,,,3e8f73a0-ff72-53ee-96ce-6e0aafd755b9,31,transition,"[""1098dc9f-c9a8-49bc-a53e-0c388e35a798""]",[14],3
43,f8bcd284-1fa6-4ea2-9687-78e5ac2d17a9,4,topic_2,0.33112528920173645,ltm,,,,fce7044c-e2e1-5cc3-bfb8-0f0d416645ec,31,transition,"[""f8bcd284-1fa6-4ea2-9687-78e5ac2d17a9""]",[4],5
43,77507908-2b0b-4e0e-99c7-60f6e20df45f,20,topic_2,0.3093242347240448,ltm,,,,9a448704-637c-543d-b083-444cdbfba374,31,transition,"[""77507908-2b0b-4e0e-99c7-60f6e20df45f""]",[20],4
43,3f42455a-8719-41fe-80ec-9d9151d12422,28,topic_2,0.30101436376571655,ltm,,,,39d11edb-b481-51f0-b8b7-b99a16479c8d,31,transition,"[""3f42455a-8719-41fe-80ec-9d9151d12422""]",[28],3
44,1d5ce599-cb2b-4fc9-99df-23b15269b399,6,topic_2,0.21697698533535004,ltm,,,,26f03771-6de9-5839-bb7a-62f015264b73,31,transition,"[""1d5ce599-cb2b-4fc9-99df-23b15269b399""]",[6],7
44,f8bcd284-1fa6-4ea2-9687-78e5ac2d17a9,4,topic_2,0.1890464872121811,ltm,,,,11751190-dba4-5315-85e2-1f1a513a5159,31,transition,"[""f8bcd284-1fa6-4ea2-9687-78e5ac2d17a9""]",[4],8
44,e40e8a45-3bb1-4730-bcb0-f54ad88a061b,17,topic_2,0.18690373003482819,ltm,,,,a304ec85-04d0-504e-886f-6c5b46d29f76,31,transition,"[""e40e8a45-3bb1-4730-bcb0-f54ad88a061b""]",[17],4
44,77507908-2b0b-4e0e-99c7-60f6e20df45f,20,topic_2,0.18093544244766235,ltm,,,,9a448704-637c-543d-b083-444cdbfba374,31,transition,"[""77507908-2b0b-4e0e-99c7-60f6e20df45f""]",[20],4
45,f8bcd284-1fa6-4ea2-9687-78e5ac2d17a9,4,topic_2,0.3802417814731598,ltm,,,,11751190-dba4-5315-85e2-1f1a513a5159,31,transition,"[""f8bcd284-1fa6-4ea2-9687-78e5ac2d17a9""]",[4],8
45,77507908-2b0b-4e0e-99c7-60f6e20df45f,20,topic_2,0.37159428000450134,ltm,,,,9a448704-637c-543d-b083-444cdbfba374,31,transition,"[""77507908-2b0b-4e0e-99c7-60f6e20df45f""]",[20],4
45,3f42455a-8719-41fe-80ec-9d9151d12422,28,topic_2,0.334078848361969,ltm,,,,39d11edb-b481-51f0-b8b7-b99a16479c8d,31,transition,"[""3f42455a-8719-41fe-80ec-9d9151d12422""]",[28],3
45,9eb68599-4336-4534-a101-1c03a3aefcd7,18,topic_2,0.3124205470085144,ltm,,,,7188a7bd-b8dc-5e14-87e4-8106c4d50bbe,31,transition,"[""9eb68599-4336-4534-a101-1c03a3aefcd7""]",[18],5
45,774c7738-c3d7-4a39-96ad-7e35bebe36f5,16,topic_2,0.3115977346897125,ltm,,,,0b75fc29-2e46-5ad8-9523-832797dfbd57,31,transition,"[""774c7738-c3d7-4a39-96ad-7e35bebe36f5""]",[16],8
46,f8bcd284-1fa6-4ea2-9687-78e5ac2d17a9,4,topic_2,0.284173846244812,ltm,,,,fce7044c-e2e1-5cc3-bfb8-0f0d416645ec,31,transition,"[""f8bcd284-1fa6-4ea2-9687-78e5ac2d17a9""]",[4],5
46,77507908-2b0b-4e0e-99c7-60f6e20df45f,20,topic_2,0.2561284601688385,ltm,,,,6d381bc6-6b50-5815-98d0-0d69ac9707a9,31,transition,"[""77507908-2b0b-4e0e-99c7-60f6e20df45f""]",[20],10
47,f8bcd284-1fa6-4ea2-9687-78e5ac2d17a9,4,topic_2,0.37804660201072693,ltm,,,,11751190-dba4-5315-85e2-1f1a513a5159,31,transition,"[""f8bcd284-1fa6-4ea2-9687-78e5ac2d17a9""]",[4],8
47,3f42455a-8719-41fe-80ec-9d9151d12422,28,topic_2,0.3743348717689514,ltm,,,,39d11edb-b481-51f0-b8b7-b99a16479c8d,31,transition,"[""3f42455a-8719-41fe-80ec-9d9151d12422""]",[28],3
47,62280c45-2825-490d-84f5-8249740d1a62,3,topic_2,0.3516785502433777,ltm,,,,eb45a521-6b35-5cb8-bb40-a640416663a0,31,transition,"[""62280c45-2825-490d-84f5-8249740d1a62""]",[3],2
47,77507908-2b0b-4e0e-99c7-60f6e20df45f,20,topic_2,0.3344701826572418,ltm,,,,86577cc7-21ec-5f4d-970e-ee94a1679081,31,transition,"[""77507908-2b0b-4e0e-99c7-60f6e20df45f""]",[20],3
48,f8bcd284-1fa6-4ea2-9687-78e5ac2d17a9,4,topic_2,0.31469303369522095,ltm,,,,11751190-dba4-5315-85e2-1f1a513a5159,31,transition,"[""f8bcd284-1fa6-4ea2-9687-78e5ac2d17a9""]",[4],8
48,62280c45-2825-490d-84f5-8249740d1a62,3,topic_2,0.2992649972438812,ltm,,,,eb45a521-6b35-5cb8-bb40-a640416663a0,31,transition,"[""62280c45-2825-490d-84f5-8249740d1a62""]",[3],2
48,77507908-2b0b-4e0e-99c7-60f6e20df45f,20,topic_2,0.29838794469833374,ltm,,,,86577cc7-21ec-5f4d-970e-ee94a1679081,31,transition,"[""77507908-2b0b-4e0e-99c7-60f6e20df45f""]",[20],3
48,3f42455a-8719-41fe-80ec-9d9151d12422,28,topic_2,0.29794150590896606,ltm,,,,39d11edb-b481-51f0-b8b7-b99a16479c8d,31,transition,"[""3f42455a-8719-41fe-80ec-9d9151d12422""]",[28],3
49,9eb68599-4336-4534-a101-1c03a3aefcd7,18,topic_2,0.36534613370895386,ltm,,,,af4550cd-4e27-5916-8147-e885f39ec147,31,transition,"[""9eb68599-4336-4534-a101-1c03a3aefcd7""]",[18],13
49,9aa85cbf-8bee-4563-a2a3-1f1623b6cfa1,10,topic_2,0.3413764536380768,ltm,,,,7a2d30dd-2438-50b7-b85c-3f6d5c04149f,31,transition,"[""9aa85cbf-8bee-4563-a2a3-1f1623b6cfa1""]",[10],8
49,77507908-2b0b-4e0e-99c7-60f6e20df45f,20,topic_2,0.3329146206378937,ltm,,,,9a448704-637c-543d-b083-444cdbfba374,31,transition,"[""77507908-2b0b-4e0e-99c7-60f6e20df45f""]",[20],4
49,f8bcd284-1fa6-4ea2-9687-78e5ac2d17a9,4,topic_2,0.3289644420146942,ltm,,,,fce7044c-e2e1-5cc3-bfb8-0f0d416645ec,31,transition,"[""f8bcd284-1fa6-4ea2-9687-78e5ac2d17a9""]",[4],5
50,f8bcd284-1fa6-4ea2-9687-78e5ac2d17a9,4,topic_2,0.2678443193435669,ltm,,,,11751190-dba4-5315-85e2-1f1a513a5159,31,transition,"[""f8bcd284-1fa6-4ea2-9687-78e5ac2d17a9""]",[4],8
50,28e337c5-614e-40ca-9738-b3b229715577,8,topic_2,0.24002377688884735,ltm,,,,5a833feb-6144-5fe0-b6e6-b8bb09480a43,31,transition,"[""28e337c5-614e-40ca-9738-b3b229715577""]",[8],5
50,9aa85cbf-8bee-4563-a2a3-1f1623b6cfa1,10,topic_2,0.2117183953523636,ltm,,,,7a2d30dd-2438-50b7-b85c-3f6d5c04149f,31,transition,"[""9aa85cbf-8bee-4563-a2a3-1f1623b6cfa1""]",[10],8
50,77507908-2b0b-4e0e-99c7-60f6e20df45f,20,topic_2,0.1951526403427124,ltm,,,,cf1eaab2-e600-5df8-b882-783f53dd7836,31,transition,"[""77507908-2b0b-4e0e-99c7-60f6e20df45f""]",[20],4
51,f8bcd284-1fa6-4ea2-9687-78e5ac2d17a9,4,topic_2,0.2747364044189453,ltm,,,,11751190-dba4-5315-85e2-1f1a513a5159,31,transition,"[""f8bcd284-1fa6-4ea2-9687-78e5ac2d17a9""]",[4],8
51,28e337c5-614e-40ca-9738-b3b229715577,8,topic_2,0.2528963088989258,ltm,,,,5a833feb-6144-5fe0-b6e6-b8bb09480a43,31,transition,"[""28e337c5-614e-40ca-9738-b3b229715577""]",[8],5
51,3f42455a-8719-41fe-80ec-9d9151d12422,28,topic_2,0.23419922590255737,ltm,,,,39d11edb-b481-51f0-b8b7-b99a16479c8d,31,transition,"[""3f42455a-8719-41fe-80ec-9d9151d12422""]",[28],3
51,77507908-2b0b-4e0e-99c7-60f6e20df45f,20,topic_2,0.22645173966884613,ltm,,,,cf1eaab2-e600-5df8-b882-783f53dd7836,31,transition,"[""77507908-2b0b-4e0e-99c7-60f6e20df45f""]",[20],4
52,b9f26bab-87a0-46fd-b2da-37718b191be9,24,topic_2,0.36872461438179016,ltm,,,,5bbdc389-7e1d-589a-bced-a04a83c6b003,31,transition,"[""b9f26bab-87a0-46fd-b2da-37718b191be9""]",[24],10
52,f8bcd284-1fa6-4ea2-9687-78e5ac2d17a9,4,topic_2,0.3457268476486206,ltm,,,,ef885fef-be3f-59d9-b34f-6a8cff3b05bc,31,transition,"[""f8bcd284-1fa6-4ea2-9687-78e5ac2d17a9""]",[4],5
52,28e337c5-614e-40ca-9738-b3b229715577,8,topic_2,0.3367428779602051,ltm,,,,5a833feb-6144-5fe0-b6e6-b8bb09480a43,31,transition,"[""28e337c5-614e-40ca-9738-b3b229715577""]",[8],5
53,f8bcd284-1fa6-4ea2-9687-78e5ac2d17a9,4,topic_2,0.3485223352909088,ltm,,,,11751190-dba4-5315-85e2-1f1a513a5159,31,transition,"[""f8bcd284-1fa6-4ea2-9687-78e5ac2d17a9""]",[4],8
53,77507908-2b0b-4e0e-99c7-60f6e20df45f,20,topic_2,0.2762609124183655,ltm,,,,8beeff18-1ca1-5644-a60b-df91a6ce097f,31,transition,"[""77507908-2b0b-4e0e-99c7-60f6e20df45f""]",[20],3
53,1098dc9f-c9a8-49bc-a53e-0c388e35a798,14,topic_2,0.276205837726593,ltm,,,,3e8f73a0-ff72-53ee-96ce-6e0aafd755b9,31,transition,"[""1098dc9f-c9a8-49bc-a53e-0c388e35a798""]",[14],3
54,f8bcd284-1fa6-4ea2-9687-78e5ac2d17a9,4,topic_2,0.3535270690917969,ltm,,,,11751190-dba4-5315-85e2-1f1a513a5159,31,transition,"[""f8bcd284-1fa6-4ea2-9687-78e5ac2d17a9""]",[4],8
54,77507908-2b0b-4e0e-99c7-60f6e20df45f,20,topic_2,0.28712737560272217,ltm,,,,9a448704-637c-543d-b083-444cdbfba374,31,transition,"[""77507908-2b0b-4e0e-99c7-60f6e20df45f""]",[20],4
54,28e337c5-614e-40ca-9738-b3b229715577,8,topic_2,0.28427284955978394,ltm,,,,0b42ddd5-b4e5-5bed-93a3-1c5874433596,31,transition,"[""28e337c5-614e-40ca-9738-b3b229715577""]",[8],6
54,9eb68599-4336-4534-a101-1c03a3aefcd7,18,topic_2,0.2720588743686676,ltm,,,,af4550cd-4e27-5916-8147-e885f39ec147,31,transition,"[""9eb68599-4336-4534-a101-1c03a3aefcd7""]",[18],13
54,96c396c3-ba07-45e9-b71a-5ff3db44706d,22,topic_2,0.2694803476333618,ltm,,,,fbeaeb75-f073-5902-9779-1721fff9ccfd,31,transition,"[""96c396c3-ba07-45e9-b71a-5ff3db44706d""]",[22],3
55,62280c45-2825-490d-84f5-8249740d1a62,3,topic_2,0.20786331593990326,ltm,,,,2e036f79-85e5-5426-9e39-6e9e3e165d3d,31,transition,"[""62280c45-2825-490d-84f5-8249740d1a62""]",[3],3
55,28e337c5-614e-40ca-9738-b3b229715577,8,topic_2,0.20288918912410736,ltm,,,,5a833feb-6144-5fe0-b6e6-b8bb09480a43,31,transition,"[""28e337c5-614e-40ca-9738-b3b229715577""]",[8],5
55,f8bcd284-1fa6-4ea2-9687-78e5ac2d17a9,4,topic_2,0.19905883073806763,ltm,,,,11751190-dba4-5315-85e2-1f1a513a5159,31,transition,"[""f8bcd284-1fa6-4ea2-9687-78e5ac2d17a9""]",[4],8
56,77507908-2b0b-4e0e-99c7-60f6e20df45f,20,topic_2,0.32610297203063965,ltm,,,,8beeff18-1ca1-5644-a60b-df91a6ce097f,31,transition,"[""77507908-2b0b-4e0e-99c7-60f6e20df45f""]",[20],3
56,9aa85cbf-8bee-4563-a2a3-1f1623b6cfa1,10,topic_2,0.3065359592437744,ltm,,,,36f7d801-9c33-5b9b-b5f0-883818a2af2f,31,transition,"[""9aa85cbf-8bee-4563-a2a3-1f1623b6cfa1""]",[10],12
56,f8bcd284-1fa6-4ea2-9687-78e5ac2d17a9,4,topic_2,0.2776763439178467,ltm,,,,fce7044c-e2e1-5cc3-bfb8-0f0d416645ec,31,transition,"[""f8bcd284-1fa6-4ea2-9687-78e5ac2d17a9""]",[4],5
57,f8bcd284-1fa6-4ea2-9687-78e5ac2d17a9,4,topic_2,0.2270730435848236,ltm,,,,11751190-dba4-5315-85e2-1f1a513a5159,31,transition,"[""f8bcd284-1fa6-4ea2-9687-78e5ac2d17a9""]",[4],8
57,1d5ce599-cb2b-4fc9-99df-23b15269b399,6,topic_2,0.21912240982055664,ltm,,,,26f03771-6de9-5839-bb7a-62f015264b73,31,transition,"[""1d5ce599-cb2b-4fc9-99df-23b15269b399""]",[6],7
57,62280c45-2825-490d-84f5-8249740d1a62,3,topic_2,0.21420130133628845,ltm,,,,eb45a521-6b35-5cb8-bb40-a640416663a0,31,transition,"[""62280c45-2825-490d-84f5-8249740d1a62""]",[3],2
57,77507908-2b0b-4e0e-99c7-60f6e20df45f,20,topic_2,0.21150821447372437,ltm,,,,9a448704-637c-543d-b083-444cdbfba374,31,transition,"[""77507908-2b0b-4e0e-99c7-60f6e20df45f""]",[20],4
58,28e337c5-614e-40ca-9738-b3b229715577,8,topic_2,0.2436448335647583,ltm,,,,5a833feb-6144-5fe0-b6e6-b8bb09480a43,31,transition,"[""28e337c5-614e-40ca-9738-b3b229715577""]",[8],5
58,1d5ce599-cb2b-4fc9-99df-23b15269b399,6,topic_2,0.2162359654903412,ltm,,,,26f03771-6de9-5839-bb7a-62f015264b73,31,transition,"[""1d5ce599-cb2b-4fc9-99df-23b15269b399""]",[6],7
58,f8bcd284-1fa6-4ea2-9687-78e5ac2d17a9,4,topic_2,0.20740081369876862,ltm,,,,f0f01aaf-e61a-53ac-afd9-2d074c921005,31,transition,"[""f8bcd284-1fa6-4ea2-9687-78e5ac2d17a9""]",[4],4
58,62280c45-2825-490d-84f5-8249740d1a62,3,topic_2,0.20535655319690704,ltm,,,,eb45a521-6b35-5cb8-bb40-a640416663a0,31,transition,"[""62280c45-2825-490d-84f5-8249740d1a62""]",[3],2
59,28e337c5-614e-40ca-9738-b3b229715577,8,topic_2,0.3077748715877533,ltm,,,,5a833feb-6144-5fe0-b6e6-b8bb09480a43,31,transition,"[""28e337c5-614e-40ca-9738-b3b229715577""]",[8],5
59,f8bcd284-1fa6-4ea2-9687-78e5ac2d17a9,4,topic_2,0.2873463034629822,ltm,,,,11751190-dba4-5315-85e2-1f1a513a5159,31,transition,"[""f8bcd284-1fa6-4ea2-9687-78e5ac2d17a9""]",[4],8
59,62280c45-2825-490d-84f5-8249740d1a62,3,topic_2,0.2804008722305298,ltm,,,,eb45a521-6b35-5cb8-bb40-a640416663a0,31,transition,"[""62280c45-2825-490d-84f5-8249740d1a62""]",[3],2
60,1098dc9f-c9a8-49bc-a53e-0c388e35a798,14,topic_2,0.21666212379932404,ltm,,,,3e8f73a0-ff72-53ee-96ce-6e0aafd755b9,31,transition,"[""1098dc9f-c9a8-49bc-a53e-0c388e35a798""]",[14],3
60,f8bcd284-1fa6-4ea2-9687-78e5ac2d17a9,4,topic_2,0.21474704146385193,ltm,,,,11751190-dba4-5315-85e2-1f1a513a5159,31,transition,"[""f8bcd284-1fa6-4ea2-9687-78e5ac2d17a9""]",[4],8
60,96c396c3-ba07-45e9-b71a-5ff3db44706d,22,topic_2,0.2072770595550537,ltm,,,,3b29a88a-81ee-58f2-bee2-707ffaa414db,31,transition,"[""96c396c3-ba07-45e9-b71a-5ff3db44706d""]",[22],3
60,3f42455a-8719-41fe-80ec-9d9151d12422,28,topic_2,0.20538584887981415,ltm,,,,39d11edb-b481-51f0-b8b7-b99a16479c8d,31,transition,"[""3f42455a-8719-41fe-80ec-9d9151d12422""]",[28],3
60,62280c45-2825-490d-84f5-8249740d1a62,3,topic_2,0.20420575141906738,ltm,,,,eb45a521-6b35-5cb8-bb40-a640416663a0,31,transition,"[""62280c45-2825-490d-84f5-8249740d1a62""]",[3],2
61,f8bcd284-1fa6-4ea2-9687-78e5ac2d17a9,4,topic_2,0.33630794286727905,ltm,,,,11751190-dba4-5315-85e2-1f1a513a5159,31,transition,"[""f8bcd284-1fa6-4ea2-9687-78e5ac2d17a9""]",[4],8
61,774c7738-c3d7-4a39-96ad-7e35bebe36f5,16,topic_2,0.33500343561172485,ltm,,,,0b75fc29-2e46-5ad8-9523-832797dfbd57,31,transition,"[""774c7738-c3d7-4a39-96ad-7e35bebe36f5""]",[16],8
61,77507908-2b0b-4e0e-99c7-60f6e20df45f,20,topic_2,0.3291081190109253,ltm,,,,001fc89e-358a-5f96-89c6-88dbc3540335,31,transition,"[""77507908-2b0b-4e0e-99c7-60f6e20df45f""]",[20],9
62,77507908-2b0b-4e0e-99c7-60f6e20df45f,20,topic_2,0.304361492395401,ltm,,,,86577cc7-21ec-5f4d-970e-ee94a1679081,31,transition,"[""77507908-2b0b-4e0e-99c7-60f6e20df45f""]",[20],3
62,9eb68599-4336-4534-a101-1c03a3aefcd7,18,topic_2,0.28470730781555176,ltm,,,,7188a7bd-b8dc-5e14-87e4-8106c4d50bbe,31,transition,"[""9eb68599-4336-4534-a101-1c03a3aefcd7""]",[18],5
62,58b87a06-1d65-482e-82ca-e441f597d2f5,48,topic_3,0.2781950831413269,ltm,,,,d645733f-7bfc-538d-a1a6-91510c817876,61,transition,"[""58b87a06-1d65-482e-82ca-e441f597d2f5""]",[48],6
62,1d5ce599-cb2b-4fc9-99df-23b15269b399,6,topic_2,0.26691409945487976,ltm,,,,26f03771-6de9-5839-bb7a-62f015264b73,31,transition,"[""1d5ce599-cb2b-4fc9-99df-23b15269b399""]",[6],7
62,774c7738-c3d7-4a39-96ad-7e35bebe36f5,16,topic_2,0.2660025954246521,ltm,,,,0b75fc29-2e46-5ad8-9523-832797dfbd57,31,transition,"[""774c7738-c3d7-4a39-96ad-7e35bebe36f5""]",[16],8
63,77507908-2b0b-4e0e-99c7-60f6e20df45f,20,topic_2,0.39280879497528076,ltm,,,,9a448704-637c-543d-b083-444cdbfba374,31,transition,"[""77507908-2b0b-4e0e-99c7-60f6e20df45f""]",[20],4
63,3f42455a-8719-41fe-80ec-9d9151d12422,28,topic_2,0.3648143410682678,ltm,,,,39d11edb-b481-51f0-b8b7-b99a16479c8d,31,transition,"[""3f42455a-8719-41fe-80ec-9d9151d12422""]",[28],3
63,6bd4d1a3-37dc-4d9b-95f8-03d9450c7db0,33,topic_3,0.3546493649482727,ltm,,,,674bb09b-98da-5475-a647-73fa4f152566,61,transition,"[""6bd4d1a3-37dc-4d9b-95f8-03d9450c7db0""]",[33],5
63,f8bcd284-1fa6-4ea2-9687-78e5ac2d17a9,4,topic_2,0.352594256401062,ltm,,,,11751190-dba4-5315-85e2-1f1a513a5159,31,transition,"[""f8bcd284-1fa6-4ea2-9687-78e5ac2d17a9""]",[4],8
63,58b87a06-1d65-482e-82ca-e441f597d2f5,48,topic_3,0.33186155557632446,ltm,,,,d645733f-7bfc-538d-a1a6-91510c817876,61,transition,"[""58b87a06-1d65-482e-82ca-e441f597d2f5""]",[48],6
64,334ebe7f-9f4b-47b8-b35b-e08d1da8d9b6,51,topic_3,0.29273608326911926,ltm,,,,a981fc64-ff40-5c8a-a3c7-2c3fb541d3dc,61,transition,"[""334ebe7f-9f4b-47b8-b35b-e08d1da8d9b6""]",[51],7
64,132cc227-3c2b-42b5-8eb3-ef89dddc3988,43,topic_3,0.27311643958091736,ltm,,,,e9713501-f608-5173-a075-2ac12e81c583,61,transition,"[""132cc227-3c2b-42b5-8eb3-ef89dddc3988""]",[43],6
64,3f42455a-8719-41fe-80ec-9d9151d12422,28,topic_2,0.27290236949920654,ltm,,,,71579f66-35e0-58db-bd2d-b5092b1c21d0,31,transition,"[""3f42455a-8719-41fe-80ec-9d9151d12422""]",[28],5
64,77507908-2b0b-4e0e-99c7-60f6e20df45f,20,topic_2,0.2622344195842743,ltm,,,,9a448704-637c-543d-b083-444cdbfba374,31,transition,"[""77507908-2b0b-4e0e-99c7-60f6e20df45f""]",[20],4
64,f8bcd284-1fa6-4ea2-9687-78e5ac2d17a9,4,topic_2,0.2618795931339264,ltm,,,,11751190-dba4-5315-85e2-1f1a513a5159,31,transition,"[""f8bcd284-1fa6-4ea2-9687-78e5ac2d17a9""]",[4],8
65,1d5ce599-cb2b-4fc9-99df-23b15269b399,6,topic_2,0.31858953833580017,ltm,,,,26f03771-6de9-5839-bb7a-62f015264b73,31,transition,"[""1d5ce599-cb2b-4fc9-99df-23b15269b399""]",[6],7
65,3f42455a-8719-41fe-80ec-9d9151d12422,28,topic_2,0.308228462934494,ltm,,,,d30d3093-bc62-5ba2-ad83-b75aa4e699a3,31,transition,"[""3f42455a-8719-41fe-80ec-9d9151d12422""]",[28],3
65,f8bcd284-1fa6-4ea2-9687-78e5ac2d17a9,4,topic_2,0.2996459901332855,ltm,,,,fce7044c-e2e1-5cc3-bfb8-0f0d416645ec,31,transition,"[""f8bcd284-1fa6-4ea2-9687-78e5ac2d17a9""]",[4],5
66,9eb68599-4336-4534-a101-1c03a3aefcd7,18,topic_2,0.32037970423698425,ltm,,,,7188a7bd-b8dc-5e14-87e4-8106c4d50bbe,31,transition,"[""9eb68599-4336-4534-a101-1c03a3aefcd7""]",[18],5
66,f8bcd284-1fa6-4ea2-9687-78e5ac2d17a9,4,topic_2,0.3048452138900757,ltm,,,,ef885fef-be3f-59d9-b34f-6a8cff3b05bc,31,transition,"[""f8bcd284-1fa6-4ea2-9687-78e5ac2d17a9""]",[4],5
66,3f42455a-8719-41fe-80ec-9d9151d12422,28,topic_2,0.3016175925731659,ltm,,,,39d11edb-b481-51f0-b8b7-b99a16479c8d,31,transition,"[""3f42455a-8719-41fe-80ec-9d9151d12422""]",[28],3
66,77507908-2b0b-4e0e-99c7-60f6e20df45f,20,topic_2,0.2937648594379425,ltm,,,,9a448704-637c-543d-b083-444cdbfba374,31,transition,"[""77507908-2b0b-4e0e-99c7-60f6e20df45f""]",[20],4
67,3f42455a-8719-41fe-80ec-9d9151d12422,28,topic_2,0.32720112800598145,ltm,,,,39d11edb-b481-51f0-b8b7-b99a16479c8d,31,transition,"[""3f42455a-8719-41fe-80ec-9d9151d12422""]",[28],3
67,f8bcd284-1fa6-4ea2-9687-78e5ac2d17a9,4,topic_2,0.3219752609729767,ltm,,,,ef885fef-be3f-59d9-b34f-6a8cff3b05bc,31,transition,"[""f8bcd284-1fa6-4ea2-9687-78e5ac2d17a9""]",[4],5
67,6645db69-528d-4833-b9d3-4e894c4bf4ca,38,topic_3,0.3151858150959015,ltm,,,,8f33be8b-c001-514c-be0c-3ce7c70f2a89,61,transition,"[""6645db69-528d-4833-b9d3-4e894c4bf4ca""]",[38],6
67,6f398470-dc79-4a0f-9762-c1f047148dd6,31,topic_3,0.3053186237812042,ltm,,,,577e4ca6-ae25-501a-b431-58c7e353d982,61,transition,"[""6f398470-dc79-4a0f-9762-c1f047148dd6""]",[31],6
68,77507908-2b0b-4e0e-99c7-60f6e20df45f,20,topic_2,0.3749869167804718,ltm,,,,9a448704-637c-543d-b083-444cdbfba374,31,transition,"[""77507908-2b0b-4e0e-99c7-60f6e20df45f""]",[20],4
68,3f42455a-8719-41fe-80ec-9d9151d12422,28,topic_2,0.37129056453704834,ltm,,,,71579f66-35e0-58db-bd2d-b5092b1c21d0,31,transition,"[""3f42455a-8719-41fe-80ec-9d9151d12422""]",[28],5
68,28e337c5-614e-40ca-9738-b3b229715577,8,topic_2,0.3443627655506134,ltm,,,,0b42ddd5-b4e5-5bed-93a3-1c5874433596,31,transition,"[""28e337c5-614e-40ca-9738-b3b229715577""]",[8],6
68,f8bcd284-1fa6-4ea2-9687-78e5ac2d17a9,4,topic_2,0.3193519413471222,ltm,,,,11751190-dba4-5315-85e2-1f1a513a5159,31,transition,"[""f8bcd284-1fa6-4ea2-9687-78e5ac2d17a9""]",[4],8
69,58b87a06-1d65-482e-82ca-e441f597d2f5,48,topic_3,0.4188271164894104,ltm,,,,d645733f-7bfc-538d-a1a6-91510c817876,61,transition,"[""58b87a06-1d65-482e-82ca-e441f597d2f5""]",[48],6
69,77507908-2b0b-4e0e-99c7-60f6e20df45f,20,topic_2,0.40704792737960815,ltm,,,,9a448704-637c-543d-b083-444cdbfba374,31,transition,"[""77507908-2b0b-4e0e-99c7-60f6e20df45f""]",[20],4
69,f8bcd284-1fa6-4ea2-9687-78e5ac2d17a9,4,topic_2,0.40074291825294495,ltm,,,,11751190-dba4-5315-85e2-1f1a513a5159,31,transition,"[""f8bcd284-1fa6-4ea2-9687-78e5ac2d17a9""]",[4],8
69,6645db69-528d-4833-b9d3-4e894c4bf4ca,38,topic_3,0.39772191643714905,ltm,,,,8f33be8b-c001-514c-be0c-3ce7c70f2a89,61,transition,"[""6645db69-528d-4833-b9d3-4e894c4bf4ca""]",[38],6
69,3f42455a-8719-41fe-80ec-9d9151d12422,28,topic_2,0.393473744392395,ltm,,,,39d11edb-b481-51f0-b8b7-b99a16479c8d,31,transition,"[""3f42455a-8719-41fe-80ec-9d9151d12422""]",[28],3
70,9eb68599-4336-4534-a101-1c03a3aefcd7,18,topic_2,0.30429649353027344,ltm,,,,7188a7bd-b8dc-5e14-87e4-8106c4d50bbe,31,transition,"[""9eb68599-4336-4534-a101-1c03a3aefcd7""]",[18],5
70,f8bcd284-1fa6-4ea2-9687-78e5ac2d17a9,4,topic_2,0.27812659740448,ltm,,,,11751190-dba4-5315-85e2-1f1a513a5159,31,transition,"[""f8bcd284-1fa6-4ea2-9687-78e5ac2d17a9""]",[4],8
70,84de3f06-413b-4381-9c06-a1480280b98a,13,topic_2,0.24731861054897308,ltm,,,,737707a1-a068-5826-9cf2-7a484caa02d4,31,transition,"[""84de3f06-413b-4381-9c06-a1480280b98a""]",[13],6
70,77507908-2b0b-4e0e-99c7-60f6e20df45f,20,topic_2,0.24208267033100128,ltm,,,,9a448704-637c-543d-b083-444cdbfba374,31,transition,"[""77507908-2b0b-4e0e-99c7-60f6e20df45f""]",[20],4
71,e40e8a45-3bb1-4730-bcb0-f54ad88a061b,17,topic_2,0.24006308615207672,ltm,,,,0c36ce08-05f2-52c7-b5f2-aa9da621b064,31,transition,"[""e40e8a45-3bb1-4730-bcb0-f54ad88a061b""]",[17],15
71,77507908-2b0b-4e0e-99c7-60f6e20df45f,20,topic_2,0.2364356517791748,ltm,,,,9a448704-637c-543d-b083-444cdbfba374,31,transition,"[""77507908-2b0b-4e0e-99c7-60f6e20df45f""]",[20],4
71,9eb68599-4336-4534-a101-1c03a3aefcd7,18,topic_2,0.2358475625514984,ltm,,,,7188a7bd-b8dc-5e14-87e4-8106c4d50bbe,31,transition,"[""9eb68599-4336-4534-a101-1c03a3aefcd7""]",[18],5
71,3f42455a-8719-41fe-80ec-9d9151d12422,28,topic_2,0.21313025057315826,ltm,,,,39d11edb-b481-51f0-b8b7-b99a16479c8d,31,transition,"[""3f42455a-8719-41fe-80ec-9d9151d12422""]",[28],3
72,f8bcd284-1fa6-4ea2-9687-78e5ac2d17a9,4,topic_2,0.3427812159061432,ltm,,,,11751190-dba4-5315-85e2-1f1a513a5159,31,transition,"[""f8bcd284-1fa6-4ea2-9687-78e5ac2d17a9""]",[4],8
72,774c7738-c3d7-4a39-96ad-7e35bebe36f5,16,topic_2,0.34190502762794495,ltm,,,,0b75fc29-2e46-5ad8-9523-832797dfbd57,31,transition,"[""774c7738-c3d7-4a39-96ad-7e35bebe36f5""]",[16],8
72,77507908-2b0b-4e0e-99c7-60f6e20df45f,20,topic_2,0.3331180810928345,ltm,,,,0d58845a-6ff3-52b6-8e5b-4d9107f251d5,31,transition,"[""77507908-2b0b-4e0e-99c7-60f6e20df45f""]",[20],10
73,77507908-2b0b-4e0e-99c7-60f6e20df45f,20,topic_2,0.2957700192928314,ltm,,,,86577cc7-21ec-5f4d-970e-ee94a1679081,31,transition,"[""77507908-2b0b-4e0e-99c7-60f6e20df45f""]",[20],3
73,f8bcd284-1fa6-4ea2-9687-78e5ac2d17a9,4,topic_2,0.28614509105682373,ltm,,,,11751190-dba4-5315-85e2-1f1a513a5159,31,transition,"[""f8bcd284-1fa6-4ea2-9687-78e5ac2d17a9""]",[4],8
73,3f42455a-8719-41fe-80ec-9d9151d12422,28,topic_2,0.27502670884132385,ltm,,,,39d11edb-b481-51f0-b8b7-b99a16479c8d,31,transition,"[""3f42455a-8719-41fe-80ec-9d9151d12422""]",[28],3
73,774c7738-c3d7-4a39-96ad-7e35bebe36f5,16,topic_2,0.25148066878318787,ltm,,,,0b75fc29-2e46-5ad8-9523-832797dfbd57,31,transition,"[""774c7738-c3d7-4a39-96ad-7e35bebe36f5""]",[16],8
74,77507908-2b0b-4e0e-99c7-60f6e20df45f,20,topic_2,0.4062422215938568,ltm,,,,9a448704-637c-543d-b083-444cdbfba374,31,transition,"[""77507908-2b0b-4e0e-99c7-60f6e20df45f""]",[20],4
74,6bd4d1a3-37dc-4d9b-95f8-03d9450c7db0,33,topic_3,0.3849613666534424,ltm,,,,674bb09b-98da-5475-a647-73fa4f152566,61,transition,"[""6bd4d1a3-37dc-4d9b-95f8-03d9450c7db0""]",[33],5
74,3f42455a-8719-41fe-80ec-9d9151d12422,28,topic_2,0.38483113050460815,ltm,,,,39d11edb-b481-51f0-b8b7-b99a16479c8d,31,transition,"[""3f42455a-8719-41fe-80ec-9d9151d12422""]",[28],3
74,f8bcd284-1fa6-4ea2-9687-78e5ac2d17a9,4,topic_2,0.37835419178009033,ltm,,,,fce7044c-e2e1-5cc3-bfb8-0f0d416645ec,31,transition,"[""f8bcd284-1fa6-4ea2-9687-78e5ac2d17a9""]",[4],5
75,2936f497-174b-47b9-a7dd-111508dfa8ee,59,topic_3,0.31242504715919495,ltm,,,,824e2977-c8b8-5898-aa0a-a6adee403188,61,transition,"[""2936f497-174b-47b9-a7dd-111508dfa8ee""]",[59],9
75,132cc227-3c2b-42b5-8eb3-ef89dddc3988,43,topic_3,0.2881907820701599,ltm,,,,e9713501-f608-5173-a075-2ac12e81c583,61,transition,"[""132cc227-3c2b-42b5-8eb3-ef89dddc3988""]",[43],6
75,f8bcd284-1fa6-4ea2-9687-78e5ac2d17a9,4,topic_2,0.284060537815094,ltm,,,,11751190-dba4-5315-85e2-1f1a513a5159,31,transition,"[""f8bcd284-1fa6-4ea2-9687-78e5ac2d17a9""]",[4],8
75,d30a1528-6343-4f70-aac9-7c9e51f5f9c3,50,topic_3,0.2806400954723358,ltm,,,,2e557af1-c0a3-55fd-96f8-31f207cc5a7f,61,transition,"[""d30a1528-6343-4f70-aac9-7c9e51f5f9c3""]",[50],3
75,6f398470-dc79-4a0f-9762-c1f047148dd6,31,topic_3,0.2800162434577942,ltm,,,,2953a167-d8df-53f1-ae10-5ad30ad2766b,61,transition,"[""6f398470-dc79-4a0f-9762-c1f047148dd6""]",[31],11
76,f8bcd284-1fa6-4ea2-9687-78e5ac2d17a9,4,topic_2,0.3439750075340271,ltm,,,,11751190-dba4-5315-85e2-1f1a513a5159,31,transition,"[""f8bcd284-1fa6-4ea2-9687-78e5ac2d17a9""]",[4],8
76,8b10925d-f9e4-494c-b2f0-ea16f5ad80f9,49,topic_3,0.2930167615413666,ltm,,,,bf2102ed-4807-59d4-9f5a-07f1f9ab72cc,61,transition,"[""8b10925d-f9e4-494c-b2f0-ea16f5ad80f9""]",[49],4
76,9eb68599-4336-4534-a101-1c03a3aefcd7,18,topic_2,0.28913140296936035,ltm,,,,7188a7bd-b8dc-5e14-87e4-8106c4d50bbe,31,transition,"[""9eb68599-4336-4534-a101-1c03a3aefcd7""]",[18],5
76,96c396c3-ba07-45e9-b71a-5ff3db44706d,22,topic_2,0.28465303778648376,ltm,,,,fbeaeb75-f073-5902-9779-1721fff9ccfd,31,transition,"[""96c396c3-ba07-45e9-b71a-5ff3db44706d""]",[22],3
76,774c7738-c3d7-4a39-96ad-7e35bebe36f5,16,topic_2,0.27975624799728394,ltm,,,,0b75fc29-2e46-5ad8-9523-832797dfbd57,31,transition,"[""774c7738-c3d7-4a39-96ad-7e35bebe36f5""]",[16],8
77,77507908-2b0b-4e0e-99c7-60f6e20df45f,20,topic_2,0.32202059030532837,ltm,,,,9a448704-637c-543d-b083-444cdbfba374,31,transition,"[""77507908-2b0b-4e0e-99c7-60f6e20df45f""]",[20],4
77,f8bcd284-1fa6-4ea2-9687-78e5ac2d17a9,4,topic_2,0.31176096200942993,ltm,,,,fce7044c-e2e1-5cc3-bfb8-0f0d416645ec,31,transition,"[""f8bcd284-1fa6-4ea2-9687-78e5ac2d17a9""]",[4],5
77,28e337c5-614e-40ca-9738-b3b229715577,8,topic_2,0.30554133653640747,ltm,,,,0b42ddd5-b4e5-5bed-93a3-1c5874433596,31,transition,"[""28e337c5-614e-40ca-9738-b3b229715577""]",[8],6
78,f8bcd284-1fa6-4ea2-9687-78e5ac2d17a9,4,topic_2,0.3900352716445923,ltm,,,,11751190-dba4-5315-85e2-1f1a513a5159,31,transition,"[""f8bcd284-1fa6-4ea2-9687-78e5ac2d17a9""]",[4],8
78,3f42455a-8719-41fe-80ec-9d9151d12422,28,topic_2,0.38179296255111694,ltm,,,,39d11edb-b481-51f0-b8b7-b99a16479c8d,31,transition,"[""3f42455a-8719-41fe-80ec-9d9151d12422""]",[28],3
78,77507908-2b0b-4e0e-99c7-60f6e20df45f,20,topic_2,0.35598835349082947,ltm,,,,9a448704-637c-543d-b083-444cdbfba374,31,transition,"[""77507908-2b0b-4e0e-99c7-60f6e20df45f""]",[20],4
78,62280c45-2825-490d-84f5-8249740d1a62,3,topic_2,0.34023812413215637,ltm,,,,eb45a521-6b35-5cb8-bb40-a640416663a0,31,transition,"[""62280c45-2825-490d-84f5-8249740d1a62""]",[3],2
78,6bd4d1a3-37dc-4d9b-95f8-03d9450c7db0,33,topic_3,0.3379705250263214,ltm,,,,674bb09b-98da-5475-a647-73fa4f152566,61,transition,"[""6bd4d1a3-37dc-4d9b-95f8-03d9450c7db0""]",[33],5
79,77507908-2b0b-4e0e-99c7-60f6e20df45f,20,topic_2,0.41232672333717346,ltm,,,,9a448704-637c-543d-b083-444cdbfba374,31,transition,"[""77507908-2b0b-4e0e-99c7-60f6e20df45f""]",[20],4
79,f8bcd284-1fa6-4ea2-9687-78e5ac2d17a9,4,topic_2,0.4056861102581024,ltm,,,,11751190-dba4-5315-85e2-1f1a513a5159,31,transition,"[""f8bcd284-1fa6-4ea2-9687-78e5ac2d17a9""]",[4],8
79,6bd4d1a3-37dc-4d9b-95f8-03d9450c7db0,33,topic_3,0.35654187202453613,ltm,,,,674bb09b-98da-5475-a647-73fa4f152566,61,transition,"[""6bd4d1a3-37dc-4d9b-95f8-03d9450c7db0""]",[33],5
79,58b87a06-1d65-482e-82ca-e441f597d2f5,48,topic_3,0.3535284101963043,ltm,,,,d645733f-7bfc-538d-a1a6-91510c817876,61,transition,"[""58b87a06-1d65-482e-82ca-e441f597d2f5""]",[48],6
79,6645db69-528d-4833-b9d3-4e894c4bf4ca,38,topic_3,0.34862253069877625,ltm,,,,8f33be8b-c001-514c-be0c-3ce7c70f2a89,61,transition,"[""6645db69-528d-4833-b9d3-4e894c4bf4ca""]",[38],6
80,77507908-2b0b-4e0e-99c7-60f6e20df45f,20,topic_2,0.3109916150569916,ltm,,,,9a448704-637c-543d-b083-444cdbfba374,31,transition,"[""77507908-2b0b-4e0e-99c7-60f6e20df45f""]",[20],4
80,f8bcd284-1fa6-4ea2-9687-78e5ac2d17a9,4,topic_2,0.29816317558288574,ltm,,,,11751190-dba4-5315-85e2-1f1a513a5159,31,transition,"[""f8bcd284-1fa6-4ea2-9687-78e5ac2d17a9""]",[4],8
80,1d5ce599-cb2b-4fc9-99df-23b15269b399,6,topic_2,0.2964102327823639,ltm,,,,26f03771-6de9-5839-bb7a-62f015264b73,31,transition,"[""1d5ce599-cb2b-4fc9-99df-23b15269b399""]",[6],7
80,774c7738-c3d7-4a39-96ad-7e35bebe36f5,16,topic_2,0.2896166145801544,ltm,,,,0b75fc29-2e46-5ad8-9523-832797dfbd57,31,transition,"[""774c7738-c3d7-4a39-96ad-7e35bebe36f5""]",[16],8
81,f8bcd284-1fa6-4ea2-9687-78e5ac2d17a9,4,topic_2,0.33980032801628113,ltm,,,,11751190-dba4-5315-85e2-1f1a513a5159,31,transition,"[""f8bcd284-1fa6-4ea2-9687-78e5ac2d17a9""]",[4],8
81,3f42455a-8719-41fe-80ec-9d9151d12422,28,topic_2,0.325820654630661,ltm,,,,39d11edb-b481-51f0-b8b7-b99a16479c8d,31,transition,"[""3f42455a-8719-41fe-80ec-9d9151d12422""]",[28],3
81,77507908-2b0b-4e0e-99c7-60f6e20df45f,20,topic_2,0.2956106662750244,ltm,,,,9a448704-637c-543d-b083-444cdbfba374,31,transition,"[""77507908-2b0b-4e0e-99c7-60f6e20df45f""]",[20],4
81,6f398470-dc79-4a0f-9762-c1f047148dd6,31,topic_3,0.2883791923522949,ltm,,,,2953a167-d8df-53f1-ae10-5ad30ad2766b,61,transition,"[""6f398470-dc79-4a0f-9762-c1f047148dd6""]",[31],11
82,3f42455a-8719-41fe-80ec-9d9151d12422,28,topic_2,0.3191431164741516,ltm,,,,39d11edb-b481-51f0-b8b7-b99a16479c8d,31,transition,"[""3f42455a-8719-41fe-80ec-9d9151d12422""]",[28],3
82,58b87a06-1d65-482e-82ca-e441f597d2f5,48,topic_3,0.305202841758728,ltm,,,,d645733f-7bfc-538d-a1a6-91510c817876,61,transition,"[""58b87a06-1d65-482e-82ca-e441f597d2f5""]",[48],6
82,d30a1528-6343-4f70-aac9-7c9e51f5f9c3,50,topic_3,0.30002161860466003,ltm,,,,2e557af1-c0a3-55fd-96f8-31f207cc5a7f,61,transition,"[""d30a1528-6343-4f70-aac9-7c9e51f5f9c3""]",[50],3
82,77507908-2b0b-4e0e-99c7-60f6e20df45f,20,topic_2,0.29493391513824463,ltm,,,,9a448704-637c-543d-b083-444cdbfba374,31,transition,"[""77507908-2b0b-4e0e-99c7-60f6e20df45f""]",[20],4
83,6bd4d1a3-37dc-4d9b-95f8-03d9450c7db0,33,topic_3,0.29958391189575195,ltm,,,,674bb09b-98da-5475-a647-73fa4f152566,61,transition,"[""6bd4d1a3-37dc-4d9b-95f8-03d9450c7db0""]",[33],5
83,58b87a06-1d65-482e-82ca-e441f597d2f5,48,topic_3,0.28295934200286865,ltm,,,,d645733f-7bfc-538d-a1a6-91510c817876,61,transition,"[""58b87a06-1d65-482e-82ca-e441f597d2f5""]",[48],6
83,77507908-2b0b-4e0e-99c7-60f6e20df45f,20,topic_2,0.2771066129207611,ltm,,,,cf1eaab2-e600-5df8-b882-783f53dd7836,31,transition,"[""77507908-2b0b-4e0e-99c7-60f6e20df45f""]",[20],4
83,f8bcd284-1fa6-4ea2-9687-78e5ac2d17a9,4,topic_2,0.2735000252723694,ltm,,,,11751190-dba4-5315-85e2-1f1a513a5159,31,transition,"[""f8bcd284-1fa6-4ea2-9687-78e5ac2d17a9""]",[4],8
84,6bd4d1a3-37dc-4d9b-95f8-03d9450c7db0,33,topic_3,0.37662315368652344,ltm,,,,674bb09b-98da-5475-a647-73fa4f152566,61,transition,"[""6bd4d1a3-37dc-4d9b-95f8-03d9450c7db0""]",[33],5
84,f8bcd284-1fa6-4ea2-9687-78e5ac2d17a9,4,topic_2,0.3756316006183624,ltm,,,,11751190-dba4-5315-85e2-1f1a513a5159,31,transition,"[""f8bcd284-1fa6-4ea2-9687-78e5ac2d17a9""]",[4],8
84,58b87a06-1d65-482e-82ca-e441f597d2f5,48,topic_3,0.36688992381095886,ltm,,,,d645733f-7bfc-538d-a1a6-91510c817876,61,transition,"[""58b87a06-1d65-482e-82ca-e441f597d2f5""]",[48],6
84,77507908-2b0b-4e0e-99c7-60f6e20df45f,20,topic_2,0.3557257652282715,ltm,,,,9a448704-637c-543d-b083-444cdbfba374,31,transition,"[""77507908-2b0b-4e0e-99c7-60f6e20df45f""]",[20],4
84,6645db69-528d-4833-b9d3-4e894c4bf4ca,38,topic_3,0.34492748975753784,ltm,,,,8f33be8b-c001-514c-be0c-3ce7c70f2a89,61,transition,"[""6645db69-528d-4833-b9d3-4e894c4bf4ca""]",[38],6
85,f8bcd284-1fa6-4ea2-9687-78e5ac2d17a9,4,topic_2,0.2613961696624756,ltm,,,,11751190-dba4-5315-85e2-1f1a513a5159,31,transition,"[""f8bcd284-1fa6-4ea2-9687-78e5ac2d17a9""]",[4],8
85,8b10925d-f9e4-494c-b2f0-ea16f5ad80f9,49,topic_3,0.2596862316131592,ltm,,,,bf2102ed-4807-59d4-9f5a-07f1f9ab72cc,61,transition,"[""8b10925d-f9e4-494c-b2f0-ea16f5ad80f9""]",[49],4
85,3f42455a-8719-41fe-80ec-9d9151d12422,28,topic_2,0.2567382752895355,ltm,,,,71579f66-35e0-58db-bd2d-b5092b1c21d0,31,transition,"[""3f42455a-8719-41fe-80ec-9d9151d12422""]",[28],5
85,28e337c5-614e-40ca-9738-b3b229715577,8,topic_2,0.2535857558250427,ltm,,,,0b42ddd5-b4e5-5bed-93a3-1c5874433596,31,transition,"[""28e337c5-614e-40ca-9738-b3b229715577""]",[8],6
85,774c7738-c3d7-4a39-96ad-7e35bebe36f5,16,topic_2,0.2535037696361542,ltm,,,,0b75fc29-2e46-5ad8-9523-832797dfbd57,31,transition,"[""774c7738-c3d7-4a39-96ad-7e35bebe36f5""]",[16],8
86,f8bcd284-1fa6-4ea2-9687-78e5ac2d17a9,4,topic_2,0.3888266980648041,ltm,,,,11751190-dba4-5315-85e2-1f1a513a5159,31,transition,"[""f8bcd284-1fa6-4ea2-9687-78e5ac2d17a9""]",[4],8
86,77507908-2b0b-4e0e-99c7-60f6e20df45f,20,topic_2,0.37008604407310486,ltm,,,,9a448704-637c-543d-b083-444cdbfba374,31,transition,"[""77507908-2b0b-4e0e-99c7-60f6e20df45f""]",[20],4
86,6bd4d1a3-37dc-4d9b-95f8-03d9450c7db0,33,topic_3,0.369741290807724,ltm,,,,674bb09b-98da-5475-a647-73fa4f152566,61,transition,"[""6bd4d1a3-37dc-4d9b-95f8-03d9450c7db0""]",[33],5
86,6f398470-dc79-4a0f-9762-c1f047148dd6,31,topic_3,0.3486776351928711,ltm,,,,c0764d1f-daa0-5b13-bf0a-b07ad2e61050,61,transition,"[""6f398470-dc79-4a0f-9762-c1f047148dd6""]",[31],2
86,3f42455a-8719-41fe-80ec-9d9151d12422,28,topic_2,0.3459152281284332,ltm,,,,39d11edb-b481-51f0-b8b7-b99a16479c8d,31,transition,"[""3f42455a-8719-41fe-80ec-9d9151d12422""]",[28],3
87,f8bcd284-1fa6-4ea2-9687-78e5ac2d17a9,4,topic_2,0.30821698904037476,ltm,,,,11751190-dba4-5315-85e2-1f1a513a5159,31,transition,"[""f8bcd284-1fa6-4ea2-9687-78e5ac2d17a9""]",[4],8
87,77507908-2b0b-4e0e-99c7-60f6e20df45f,20,topic_2,0.3040216565132141,ltm,,,,9a448704-637c-543d-b083-444cdbfba374,31,transition,"[""77507908-2b0b-4e0e-99c7-60f6e20df45f""]",[20],4
87,3f42455a-8719-41fe-80ec-9d9151d12422,28,topic_2,0.29425203800201416,ltm,,,,39d11edb-b481-51f0-b8b7-b99a16479c8d,31,transition,"[""3f42455a-8719-41fe-80ec-9d9151d12422""]",[28],3
87,6f398470-dc79-4a0f-9762-c1f047148dd6,31,topic_3,0.28450092673301697,ltm,,,,c0764d1f-daa0-5b13-bf0a-b07ad2e61050,61,transition,"[""6f398470-dc79-4a0f-9762-c1f047148dd6""]",[31],2
87,6645db69-528d-4833-b9d3-4e894c4bf4ca,38,topic_3,0.2814347743988037,ltm,,,,8f33be8b-c001-514c-be0c-3ce7c70f2a89,61,transition,"[""6645db69-528d-4833-b9d3-4e894c4bf4ca""]",[38],6
88,28e337c5-614e-40ca-9738-b3b229715577,8,topic_2,0.390608012676239,ltm,,,,0b42ddd5-b4e5-5bed-93a3-1c5874433596,31,transition,"[""28e337c5-614e-40ca-9738-b3b229715577""]",[8],6
88,3f42455a-8719-41fe-80ec-9d9151d12422,28,topic_2,0.3786827027797699,ltm,,,,d30d3093-bc62-5ba2-ad83-b75aa4e699a3,31,transition,"[""3f42455a-8719-41fe-80ec-9d9151d12422""]",[28],3
88,f8bcd284-1fa6-4ea2-9687-78e5ac2d17a9,4,topic_2,0.37655720114707947,ltm,,,,11751190-dba4-5315-85e2-1f1a513a5159,31,transition,"[""f8bcd284-1fa6-4ea2-9687-78e5ac2d17a9""]",[4],8
88,b9f26bab-87a0-46fd-b2da-37718b191be9,24,topic_2,0.3537385165691376,ltm,,,,5bbdc389-7e1d-589a-bced-a04a83c6b003,31,transition,"[""b9f26bab-87a0-46fd-b2da-37718b191be9""]",[24],10
89,f8bcd284-1fa6-4ea2-9687-78e5ac2d17a9,4,topic_2,0.4107448160648346,ltm,,,,11751190-dba4-5315-85e2-1f1a513a5159,31,transition,"[""f8bcd284-1fa6-4ea2-9687-78e5ac2d17a9""]",[4],8
89,96c396c3-ba07-45e9-b71a-5ff3db44706d,22,topic_2,0.3631701171398163,ltm,,,,fbeaeb75-f073-5902-9779-1721fff9ccfd,31,transition,"[""96c396c3-ba07-45e9-b71a-5ff3db44706d""]",[22],3
89,1098dc9f-c9a8-49bc-a53e-0c388e35a798,14,topic_2,0.3379487097263336,ltm,,,,3e8f73a0-ff72-53ee-96ce-6e0aafd755b9,31,transition,"[""1098dc9f-c9a8-49bc-a53e-0c388e35a798""]",[14],3
89,3f42455a-8719-41fe-80ec-9d9151d12422,28,topic_2,0.3357425630092621,ltm,,,,71579f66-35e0-58db-bd2d-b5092b1c21d0,31,transition,"[""3f42455a-8719-41fe-80ec-9d9151d12422""]",[28],5
89,77507908-2b0b-4e0e-99c7-60f6e20df45f,20,topic_2,0.33353790640830994,ltm,,,,9a448704-637c-543d-b083-444cdbfba374,31,transition,"[""77507908-2b0b-4e0e-99c7-60f6e20df45f""]",[20],4
90,3f42455a-8719-41fe-80ec-9d9151d12422,28,topic_2,0.2933337390422821,ltm,,,,d30d3093-bc62-5ba2-ad83-b75aa4e699a3,31,transition,"[""3f42455a-8719-41fe-80ec-9d9151d12422""]",[28],3
90,1d5ce599-cb2b-4fc9-99df-23b15269b399,6,topic_2,0.2908579409122467,ltm,,,,26f03771-6de9-5839-bb7a-62f015264b73,31,transition,"[""1d5ce599-cb2b-4fc9-99df-23b15269b399""]",[6],7
90,77507908-2b0b-4e0e-99c7-60f6e20df45f,20,topic_2,0.2885952591896057,ltm,,,,9a448704-637c-543d-b083-444cdbfba374,31,transition,"[""77507908-2b0b-4e0e-99c7-60f6e20df45f""]",[20],4
90,1098dc9f-c9a8-49bc-a53e-0c388e35a798,14,topic_2,0.28588855266571045,ltm,,,,26f8281d-5722-5732-9ef5-0bf249640e0b,31,transition,"[""1098dc9f-c9a8-49bc-a53e-0c388e35a798""]",[14],3
91,6f398470-dc79-4a0f-9762-c1f047148dd6,31,topic_3,0.2951016426086426,ltm,,,,c0764d1f-daa0-5b13-bf0a-b07ad2e61050,61,transition,"[""6f398470-dc79-4a0f-9762-c1f047148dd6""]",[31],2
91,3f42455a-8719-41fe-80ec-9d9151d12422,28,topic_2,0.2782195806503296,ltm,,,,d30d3093-bc62-5ba2-ad83-b75aa4e699a3,31,transition,"[""3f42455a-8719-41fe-80ec-9d9151d12422""]",[28],3
91,f8bcd284-1fa6-4ea2-9687-78e5ac2d17a9,4,topic_2,0.26492899656295776,ltm,,,,11751190-dba4-5315-85e2-1f1a513a5159,31,transition,"[""f8bcd284-1fa6-4ea2-9687-78e5ac2d17a9""]",[4],8
91,77507908-2b0b-4e0e-99c7-60f6e20df45f,20,topic_2,0.2595752477645874,ltm,,,,4981f62a-bf19-5867-835b-3498ca3ea343,31,transition,"[""77507908-2b0b-4e0e-99c7-60f6e20df45f""]",[20],6
92,3f42455a-8719-41fe-80ec-9d9151d12422,28,topic_2,0.3377377390861511,ltm,,,,71579f66-35e0-58db-bd2d-b5092b1c21d0,31,transition,"[""3f42455a-8719-41fe-80ec-9d9151d12422""]",[28],5
92,96c396c3-ba07-45e9-b71a-5ff3db44706d,22,topic_2,0.3108704090118408,ltm,,,,fbeaeb75-f073-5902-9779-1721fff9ccfd,31,transition,"[""96c396c3-ba07-45e9-b71a-5ff3db44706d""]",[22],3
92,8b10925d-f9e4-494c-b2f0-ea16f5ad80f9,49,topic_3,0.30599865317344666,ltm,,,,bf2102ed-4807-59d4-9f5a-07f1f9ab72cc,61,transition,"[""8b10925d-f9e4-494c-b2f0-ea16f5ad80f9""]",[49],4
92,f8bcd284-1fa6-4ea2-9687-78e5ac2d17a9,4,topic_2,0.30011633038520813,ltm,,,,ef885fef-be3f-59d9-b34f-6a8cff3b05bc,31,transition,"[""f8bcd284-1fa6-4ea2-9687-78e5ac2d17a9""]",[4],5
93,3f42455a-8719-41fe-80ec-9d9151d12422,28,topic_2,0.3272435665130615,ltm,,,,39d11edb-b481-51f0-b8b7-b99a16479c8d,31,transition,"[""3f42455a-8719-41fe-80ec-9d9151d12422""]",[28],3
93,6bd4d1a3-37dc-4d9b-95f8-03d9450c7db0,33,topic_3,0.3264581561088562,ltm,,,,674bb09b-98da-5475-a647-73fa4f152566,61,transition,"[""6bd4d1a3-37dc-4d9b-95f8-03d9450c7db0""]",[33],5
93,f8bcd284-1fa6-4ea2-9687-78e5ac2d17a9,4,topic_2,0.3097190260887146,ltm,,,,11751190-dba4-5315-85e2-1f1a513a5159,31,transition,"[""f8bcd284-1fa6-4ea2-9687-78e5ac2d17a9""]",[4],8
93,28e337c5-614e-40ca-9738-b3b229715577,8,topic_2,0.3053240180015564,ltm,,,,0b42ddd5-b4e5-5bed-93a3-1c5874433596,31,transition,"[""28e337c5-614e-40ca-9738-b3b229715577""]",[8],6
93,d30a1528-6343-4f70-aac9-7c9e51f5f9c3,50,topic_3,0.2973424196243286,ltm,,,,7efcf2de-bac9-575f-b50c-ac792e278ac9,61,transition,"[""d30a1528-6343-4f70-aac9-7c9e51f5f9c3""]",[50],4
94,3f42455a-8719-41fe-80ec-9d9151d12422,28,topic_2,0.3448667824268341,ltm,,,,39d11edb-b481-51f0-b8b7-b99a16479c8d,31,transition,"[""3f42455a-8719-41fe-80ec-9d9151d12422""]",[28],3
94,28e337c5-614e-40ca-9738-b3b229715577,8,topic_2,0.30080699920654297,ltm,,,,0b42ddd5-b4e5-5bed-93a3-1c5874433596,31,transition,"[""28e337c5-614e-40ca-9738-b3b229715577""]",[8],6
94,f8bcd284-1fa6-4ea2-9687-78e5ac2d17a9,4,topic_2,0.278186172246933,ltm,,,,11751190-dba4-5315-85e2-1f1a513a5159,31,transition,"[""f8bcd284-1fa6-4ea2-9687-78e5ac2d17a9""]",[4],8
94,ab1c58b0-d2a6-4f6e-a35a-5843a97e5b54,65,topic_4,0.2741050124168396,ltm,,,,30881135-31d7-520c-890f-9e419a84d5bb,91,transition,"[""ab1c58b0-d2a6-4f6e-a35a-5843a97e5b54""]",[65],8
95,3f42455a-8719-41fe-80ec-9d9151d12422,28,topic_2,0.28752604126930237,ltm,,,,71579f66-35e0-58db-bd2d-b5092b1c21d0,31,transition,"[""3f42455a-8719-41fe-80ec-9d9151d12422""]",[28],5
95,c7f3e8fd-46cd-4e09-9ad1-853eb40b1f63,66,topic_4,0.26621079444885254,ltm,,,,6e52c3da-d5c9-5591-80fe-2ca934b3b513,91,transition,"[""c7f3e8fd-46cd-4e09-9ad1-853eb40b1f63""]",[66],8
95,9eb68599-4336-4534-a101-1c03a3aefcd7,18,topic_2,0.2590702772140503,ltm,,,,7188a7bd-b8dc-5e14-87e4-8106c4d50bbe,31,transition,"[""9eb68599-4336-4534-a101-1c03a3aefcd7""]",[18],5
95,9aa85cbf-8bee-4563-a2a3-1f1623b6cfa1,10,topic_2,0.25843334197998047,ltm,,,,bd93acdb-ae18-5187-874f-4c7231b3d08c,31,transition,"[""9aa85cbf-8bee-4563-a2a3-1f1623b6cfa1""]",[10],6
95,f8bcd284-1fa6-4ea2-9687-78e5ac2d17a9,4,topic_2,0.2582557797431946,ltm,,,,11751190-dba4-5315-85e2-1f1a513a5159,31,transition,"[""f8bcd284-1fa6-4ea2-9687-78e5ac2d17a9""]",[4],8
96,f8bcd284-1fa6-4ea2-9687-78e5ac2d17a9,4,topic_2,0.31490594148635864,ltm,,,,ef885fef-be3f-59d9-b34f-6a8cff3b05bc,31,transition,"[""f8bcd284-1fa6-4ea2-9687-78e5ac2d17a9""]",[4],5
96,8b10925d-f9e4-494c-b2f0-ea16f5ad80f9,49,topic_3,0.31064072251319885,ltm,,,,bf2102ed-4807-59d4-9f5a-07f1f9ab72cc,61,transition,"[""8b10925d-f9e4-494c-b2f0-ea16f5ad80f9""]",[49],4
96,6bd4d1a3-37dc-4d9b-95f8-03d9450c7db0,33,topic_3,0.2920035123825073,ltm,,,,674bb09b-98da-5475-a647-73fa4f152566,61,transition,"[""6bd4d1a3-37dc-4d9b-95f8-03d9450c7db0""]",[33],5
96,3f42455a-8719-41fe-80ec-9d9151d12422,28,topic_2,0.2837018072605133,ltm,,,,39d11edb-b481-51f0-b8b7-b99a16479c8d,31,transition,"[""3f42455a-8719-41fe-80ec-9d9151d12422""]",[28],3
97,f8bcd284-1fa6-4ea2-9687-78e5ac2d17a9,4,topic_2,0.33722755312919617,ltm,,,,11751190-dba4-5315-85e2-1f1a513a5159,31,transition,"[""f8bcd284-1fa6-4ea2-9687-78e5ac2d17a9""]",[4],8
97,c7f3e8fd-46cd-4e09-9ad1-853eb40b1f63,66,topic_4,0.3318197727203369,ltm,,,,6e52c3da-d5c9-5591-80fe-2ca934b3b513,91,transition,"[""c7f3e8fd-46cd-4e09-9ad1-853eb40b1f63""]",[66],8
97,3f42455a-8719-41fe-80ec-9d9151d12422,28,topic_2,0.3024556040763855,ltm,,,,71579f66-35e0-58db-bd2d-b5092b1c21d0,31,transition,"[""3f42455a-8719-41fe-80ec-9d9151d12422""]",[28],5
97,8b10925d-f9e4-494c-b2f0-ea16f5ad80f9,49,topic_3,0.2931840717792511,ltm,,,,bf2102ed-4807-59d4-9f5a-07f1f9ab72cc,61,transition,"[""8b10925d-f9e4-494c-b2f0-ea16f5ad80f9""]",[49],4
98,28e337c5-614e-40ca-9738-b3b229715577,8,topic_2,0.2676924765110016,ltm,,,,5a833feb-6144-5fe0-b6e6-b8bb09480a43,31,transition,"[""28e337c5-614e-40ca-9738-b3b229715577""]",[8],5
98,3f42455a-8719-41fe-80ec-9d9151d12422,28,topic_2,0.25753509998321533,ltm,,,,39d11edb-b481-51f0-b8b7-b99a16479c8d,31,transition,"[""3f42455a-8719-41fe-80ec-9d9151d12422""]",[28],3
98,f8bcd284-1fa6-4ea2-9687-78e5ac2d17a9,4,topic_2,0.25458237528800964,ltm,,,,11751190-dba4-5315-85e2-1f1a513a5159,31,transition,"[""f8bcd284-1fa6-4ea2-9687-78e5ac2d17a9""]",[4],8
98,d30a1528-6343-4f70-aac9-7c9e51f5f9c3,50,topic_3,0.2399347722530365,ltm,,,,7efcf2de-bac9-575f-b50c-ac792e278ac9,61,transition,"[""d30a1528-6343-4f70-aac9-7c9e51f5f9c3""]",[50],4
99,f8bcd284-1fa6-4ea2-9687-78e5ac2d17a9,4,topic_2,0.31803902983665466,ltm,,,,11751190-dba4-5315-85e2-1f1a513a5159,31,transition,"[""f8bcd284-1fa6-4ea2-9687-78e5ac2d17a9""]",[4],8
99,3f42455a-8719-41fe-80ec-9d9151d12422,28,topic_2,0.2988924980163574,ltm,,,,39d11edb-b481-51f0-b8b7-b99a16479c8d,31,transition,"[""3f42455a-8719-41fe-80ec-9d9151d12422""]",[28],3
99,334ebe7f-9f4b-47b8-b35b-e08d1da8d9b6,51,topic_3,0.29240044951438904,ltm,,,,fe45bd1b-b0c7-591a-83a4-37a70f7d79a5,61,transition,"[""334ebe7f-9f4b-47b8-b35b-e08d1da8d9b6""]",[51],8
99,d5cce8df-f96e-40ae-86da-52492f5a57d6,84,topic_4,0.28506165742874146,ltm,,,,fa4421d1-c09c-54fc-bfe5-669254ee3a91,91,transition,"[""d5cce8df-f96e-40ae-86da-52492f5a57d6""]",[84],8
99,ab1c58b0-d2a6-4f6e-a35a-5843a97e5b54,65,topic_4,0.27225738763809204,ltm,,,,30881135-31d7-520c-890f-9e419a84d5bb,91,transition,"[""ab1c58b0-d2a6-4f6e-a35a-5843a97e5b54""]",[65],8
100,28e337c5-614e-40ca-9738-b3b229715577,8,topic_2,0.31485655903816223,ltm,,,,0b42ddd5-b4e5-5bed-93a3-1c5874433596,31,transition,"[""28e337c5-614e-40ca-9738-b3b229715577""]",[8],6
100,f8bcd284-1fa6-4ea2-9687-78e5ac2d17a9,4,topic_2,0.2839331030845642,ltm,,,,11751190-dba4-5315-85e2-1f1a513a5159,31,transition,"[""f8bcd284-1fa6-4ea2-9687-78e5ac2d17a9""]",[4],8
100,3f42455a-8719-41fe-80ec-9d9151d12422,28,topic_2,0.265026330947876,ltm,,,,71579f66-35e0-58db-bd2d-b5092b1c21d0,31,transition,"[""3f42455a-8719-41fe-80ec-9d9151d12422""]",[28],5
100,334ebe7f-9f4b-47b8-b35b-e08d1da8d9b6,51,topic_3,0.2618255317211151,ltm,,,,fe45bd1b-b0c7-591a-83a4-37a70f7d79a5,61,transition,"[""334ebe7f-9f4b-47b8-b35b-e08d1da8d9b6""]",[51],8
101,f8bcd284-1fa6-4ea2-9687-78e5ac2d17a9,4,topic_2,0.32242685556411743,ltm,,,,11751190-dba4-5315-85e2-1f1a513a5159,31,transition,"[""f8bcd284-1fa6-4ea2-9687-78e5ac2d17a9""]",[4],8
101,3f42455a-8719-41fe-80ec-9d9151d12422,28,topic_2,0.31675711274147034,ltm,,,,39d11edb-b481-51f0-b8b7-b99a16479c8d,31,transition,"[""3f42455a-8719-41fe-80ec-9d9151d12422""]",[28],3
101,334ebe7f-9f4b-47b8-b35b-e08d1da8d9b6,51,topic_3,0.3095996379852295,ltm,,,,fe45bd1b-b0c7-591a-83a4-37a70f7d79a5,61,transition,"[""334ebe7f-9f4b-47b8-b35b-e08d1da8d9b6""]",[51],8
101,28e337c5-614e-40ca-9738-b3b229715577,8,topic_2,0.3050171136856079,ltm,,,,0b42ddd5-b4e5-5bed-93a3-1c5874433596,31,transition,"[""28e337c5-614e-40ca-9738-b3b229715577""]",[8],6
102,28e337c5-614e-40ca-9738-b3b229715577,8,topic_2,0.37070581316947937,ltm,,,,0b42ddd5-b4e5-5bed-93a3-1c5874433596,31,transition,"[""28e337c5-614e-40ca-9738-b3b229715577""]",[8],6
102,ab1c58b0-d2a6-4f6e-a35a-5843a97e5b54,65,topic_4,0.3390721082687378,ltm,,,,30881135-31d7-520c-890f-9e419a84d5bb,91,transition,"[""ab1c58b0-d2a6-4f6e-a35a-5843a97e5b54""]",[65],8
102,3f42455a-8719-41fe-80ec-9d9151d12422,28,topic_2,0.33733275532722473,ltm,,,,39d11edb-b481-51f0-b8b7-b99a16479c8d,31,transition,"[""3f42455a-8719-41fe-80ec-9d9151d12422""]",[28],3
102,f8bcd284-1fa6-4ea2-9687-78e5ac2d17a9,4,topic_2,0.3277132511138916,ltm,,,,11751190-dba4-5315-85e2-1f1a513a5159,31,transition,"[""f8bcd284-1fa6-4ea2-9687-78e5ac2d17a9""]",[4],8
103,334ebe7f-9f4b-47b8-b35b-e08d1da8d9b6,51,topic_3,0.3112088441848755,ltm,,,,fe45bd1b-b0c7-591a-83a4-37a70f7d79a5,61,transition,"[""334ebe7f-9f4b-47b8-b35b-e08d1da8d9b6""]",[51],8
103,f8bcd284-1fa6-4ea2-9687-78e5ac2d17a9,4,topic_2,0.30225279927253723,ltm,,,,ef885fef-be3f-59d9-b34f-6a8cff3b05bc,31,transition,"[""f8bcd284-1fa6-4ea2-9687-78e5ac2d17a9""]",[4],5
103,6bd4d1a3-37dc-4d9b-95f8-03d9450c7db0,33,topic_3,0.2954745590686798,ltm,,,,674bb09b-98da-5475-a647-73fa4f152566,61,transition,"[""6bd4d1a3-37dc-4d9b-95f8-03d9450c7db0""]",[33],5
103,28e337c5-614e-40ca-9738-b3b229715577,8,topic_2,0.2891060411930084,ltm,,,,0b42ddd5-b4e5-5bed-93a3-1c5874433596,31,transition,"[""28e337c5-614e-40ca-9738-b3b229715577""]",[8],6
104,3f42455a-8719-41fe-80ec-9d9151d12422,28,topic_2,0.3054492175579071,ltm,,,,71579f66-35e0-58db-bd2d-b5092b1c21d0,31,transition,"[""3f42455a-8719-41fe-80ec-9d9151d12422""]",[28],5
104,f8bcd284-1fa6-4ea2-9687-78e5ac2d17a9,4,topic_2,0.3018273413181305,ltm,,,,ddcfe616-aac5-53a7-8cbc-f3669ee0cb08,31,transition,"[""f8bcd284-1fa6-4ea2-9687-78e5ac2d17a9""]",[4],5
104,c7f3e8fd-46cd-4e09-9ad1-853eb40b1f63,66,topic_4,0.2977266311645508,ltm,,,,6e52c3da-d5c9-5591-80fe-2ca934b3b513,91,transition,"[""c7f3e8fd-46cd-4e09-9ad1-853eb40b1f63""]",[66],8
105,28e337c5-614e-40ca-9738-b3b229715577,8,topic_2,0.370806485414505,ltm,,,,0b42ddd5-b4e5-5bed-93a3-1c5874433596,31,transition,"[""28e337c5-614e-40ca-9738-b3b229715577""]",[8],6
105,f8bcd284-1fa6-4ea2-9687-78e5ac2d17a9,4,topic_2,0.2911998927593231,ltm,,,,11751190-dba4-5315-85e2-1f1a513a5159,31,transition,"[""f8bcd284-1fa6-4ea2-9687-78e5ac2d17a9""]",[4],8
105,3f42455a-8719-41fe-80ec-9d9151d12422,28,topic_2,0.2884761095046997,ltm,,,,39d11edb-b481-51f0-b8b7-b99a16479c8d,31,transition,"[""3f42455a-8719-41fe-80ec-9d9151d12422""]",[28],3
105,ab1c58b0-d2a6-4f6e-a35a-5843a97e5b54,65,topic_4,0.2792522609233856,ltm,,,,30881135-31d7-520c-890f-9e419a84d5bb,91,transition,"[""ab1c58b0-d2a6-4f6e-a35a-5843a97e5b54""]",[65],8
106,3f42455a-8719-41fe-80ec-9d9151d12422,28,topic_2,0.3432755470275879,ltm,,,,39d11edb-b481-51f0-b8b7-b99a16479c8d,31,transition,"[""3f42455a-8719-41fe-80ec-9d9151d12422""]",[28],3
106,28e337c5-614e-40ca-9738-b3b229715577,8,topic_2,0.3375053107738495,ltm,,,,0b42ddd5-b4e5-5bed-93a3-1c5874433596,31,transition,"[""28e337c5-614e-40ca-9738-b3b229715577""]",[8],6
106,f8bcd284-1fa6-4ea2-9687-78e5ac2d17a9,4,topic_2,0.3282065987586975,ltm,,,,11751190-dba4-5315-85e2-1f1a513a5159,31,transition,"[""f8bcd284-1fa6-4ea2-9687-78e5ac2d17a9""]",[4],8
106,ab1c58b0-d2a6-4f6e-a35a-5843a97e5b54,65,topic_4,0.30997127294540405,ltm,,,,30881135-31d7-520c-890f-9e419a84d5bb,91,transition,"[""ab1c58b0-d2a6-4f6e-a35a-5843a97e5b54""]",[65],8
107,3f42455a-8719-41fe-80ec-9d9151d12422,28,topic_2,0.3264624774456024,ltm,,,,39d11edb-b481-51f0-b8b7-b99a16479c8d,31,transition,"[""3f42455a-8719-41fe-80ec-9d9151d12422""]",[28],3
107,28e337c5-614e-40ca-9738-b3b229715577,8,topic_2,0.31227871775627136,ltm,,,,0b42ddd5-b4e5-5bed-93a3-1c5874433596,31,transition,"[""28e337c5-614e-40ca-9738-b3b229715577""]",[8],6
107,f8bcd284-1fa6-4ea2-9687-78e5ac2d17a9,4,topic_2,0.2982482314109802,ltm,,,,11751190-dba4-5315-85e2-1f1a513a5159,31,transition,"[""f8bcd284-1fa6-4ea2-9687-78e5ac2d17a9""]",[4],8
107,ab1c58b0-d2a6-4f6e-a35a-5843a97e5b54,65,topic_4,0.28162333369255066,ltm,,,,30881135-31d7-520c-890f-9e419a84d5bb,91,transition,"[""ab1c58b0-d2a6-4f6e-a35a-5843a97e5b54""]",[65],8
108,28e337c5-614e-40ca-9738-b3b229715577,8,topic_2,0.37024053931236267,ltm,,,,0b42ddd5-b4e5-5bed-93a3-1c5874433596,31,transition,"[""28e337c5-614e-40ca-9738-b3b229715577""]",[8],6
108,f8bcd284-1fa6-4ea2-9687-78e5ac2d17a9,4,topic_2,0.2914532721042633,ltm,,,,11751190-dba4-5315-85e2-1f1a513a5159,31,transition,"[""f8bcd284-1fa6-4ea2-9687-78e5ac2d17a9""]",[4],8
108,9eb68599-4336-4534-a101-1c03a3aefcd7,18,topic_2,0.2766643762588501,ltm,,,,7188a7bd-b8dc-5e14-87e4-8106c4d50bbe,31,transition,"[""9eb68599-4336-4534-a101-1c03a3aefcd7""]",[18],5
108,3f42455a-8719-41fe-80ec-9d9151d12422,28,topic_2,0.26369959115982056,ltm,,,,39d11edb-b481-51f0-b8b7-b99a16479c8d,31,transition,"[""3f42455a-8719-41fe-80ec-9d9151d12422""]",[28],3
109,f8bcd284-1fa6-4ea2-9687-78e5ac2d17a9,4,topic_2,0.32422176003456116,ltm,,,,11751190-dba4-5315-85e2-1f1a513a5159,31,transition,"[""f8bcd284-1fa6-4ea2-9687-78e5ac2d17a9""]",[4],8
109,9eb68599-4336-4534-a101-1c03a3aefcd7,18,topic_2,0.31665802001953125,ltm,,,,7188a7bd-b8dc-5e14-87e4-8106c4d50bbe,31,transition,"[""9eb68599-4336-4534-a101-1c03a3aefcd7""]",[18],5
109,28e337c5-614e-40ca-9738-b3b229715577,8,topic_2,0.30992281436920166,ltm,,,,5a833feb-6144-5fe0-b6e6-b8bb09480a43,31,transition,"[""28e337c5-614e-40ca-9738-b3b229715577""]",[8],5
110,f8bcd284-1fa6-4ea2-9687-78e5ac2d17a9,4,topic_2,0.39055806398391724,ltm,,,,ef885fef-be3f-59d9-b34f-6a8cff3b05bc,31,transition,"[""f8bcd284-1fa6-4ea2-9687-78e5ac2d17a9""]",[4],5
110,3f42455a-8719-41fe-80ec-9d9151d12422,28,topic_2,0.35183578729629517,ltm,,,,39d11edb-b481-51f0-b8b7-b99a16479c8d,31,transition,"[""3f42455a-8719-41fe-80ec-9d9151d12422""]",[28],3
110,28e337c5-614e-40ca-9738-b3b229715577,8,topic_2,0.35043784976005554,ltm,,,,5a833feb-6144-5fe0-b6e6-b8bb09480a43,31,transition,"[""28e337c5-614e-40ca-9738-b3b229715577""]",[8],5
111,28e337c5-614e-40ca-9738-b3b229715577,8,topic_2,0.4067225158214569,ltm,,,,0b42ddd5-b4e5-5bed-93a3-1c5874433596,31,transition,"[""28e337c5-614e-40ca-9738-b3b229715577""]",[8],6
111,f8bcd284-1fa6-4ea2-9687-78e5ac2d17a9,4,topic_2,0.36496642231941223,ltm,,,,11751190-dba4-5315-85e2-1f1a513a5159,31,transition,"[""f8bcd284-1fa6-4ea2-9687-78e5ac2d17a9""]",[4],8
111,3f42455a-8719-41fe-80ec-9d9151d12422,28,topic_2,0.34411144256591797,ltm,,,,39d11edb-b481-51f0-b8b7-b99a16479c8d,31,transition,"[""3f42455a-8719-41fe-80ec-9d9151d12422""]",[28],3
111,ab1c58b0-d2a6-4f6e-a35a-5843a97e5b54,65,topic_4,0.32363361120224,ltm,,,,30881135-31d7-520c-890f-9e419a84d5bb,91,transition,"[""ab1c58b0-d2a6-4f6e-a35a-5843a97e5b54""]",[65],8
112,f8bcd284-1fa6-4ea2-9687-78e5ac2d17a9,4,topic_2,0.7867198586463928,ltm,,,,f0f01aaf-e61a-53ac-afd9-2d074c921005,31,transition,"[""f8bcd284-1fa6-4ea2-9687-78e5ac2d17a9""]",[4],4
112,5e91b86a-7717-4597-9ce7-0449b341a6bd,5,topic_2,0.7315422892570496,ltm,,,,2bfe84a9-389a-51a3-ab5a-e9453f1f5634,31,transition,"[""5e91b86a-7717-4597-9ce7-0449b341a6bd""]",[5],8
112,77507908-2b0b-4e0e-99c7-60f6e20df45f,20,topic_2,0.7305495738983154,ltm,,,,0d58845a-6ff3-52b6-8e5b-4d9107f251d5,31,transition,"[""77507908-2b0b-4e0e-99c7-60f6e20df45f""]",[20],10
112,64b6899a-8cd3-4dd5-99d1-4e376a533e29,29,topic_2,0.6698923707008362,ltm,,,,9404e66b-7dea-58b4-9049-4f55b2e9b2af,31,transition,"[""64b6899a-8cd3-4dd5-99d1-4e376a533e29""]",[29],15
113,5e91b86a-7717-4597-9ce7-0449b341a6bd,5,topic_2,0.7778761386871338,ltm,,,,2bfe84a9-389a-51a3-ab5a-e9453f1f5634,31,transition,"[""5e91b86a-7717-4597-9ce7-0449b341a6bd""]",[5],8
113,64b6899a-8cd3-4dd5-99d1-4e376a533e29,29,topic_2,0.6891666650772095,ltm,,,,94c70852-f29d-5576-a6f7-f408c0e43861,31,transition,"[""64b6899a-8cd3-4dd5-99d1-4e376a533e29""]",[29],7
113,f8bcd284-1fa6-4ea2-9687-78e5ac2d17a9,4,topic_2,0.6772246360778809,ltm,,,,f0f01aaf-e61a-53ac-afd9-2d074c921005,31,transition,"[""f8bcd284-1fa6-4ea2-9687-78e5ac2d17a9""]",[4],4
113,77507908-2b0b-4e0e-99c7-60f6e20df45f,20,topic_2,0.6541468501091003,ltm,,,,6d381bc6-6b50-5815-98d0-0d69ac9707a9,31,transition,"[""77507908-2b0b-4e0e-99c7-60f6e20df45f""]",[20],10
114,d30a1528-6343-4f70-aac9-7c9e51f5f9c3,50,topic_3,0.42997848987579346,ltm,,,,2e557af1-c0a3-55fd-96f8-31f207cc5a7f,61,transition,"[""d30a1528-6343-4f70-aac9-7c9e51f5f9c3""]",[50],3
114,f8bcd284-1fa6-4ea2-9687-78e5ac2d17a9,4,topic_2,0.4219781458377838,ltm,,,,11751190-dba4-5315-85e2-1f1a513a5159,31,transition,"[""f8bcd284-1fa6-4ea2-9687-78e5ac2d17a9""]",[4],8
114,703c6a75-89dc-4d3c-8803-c149aacd2045,105,topic_5,0.4045444130897522,ltm,,,,c080d1fd-72d7-53b7-b49a-b259b82510ea,111,end_of_session_flush,"[""703c6a75-89dc-4d3c-8803-c149aacd2045""]",[105],1
114,77507908-2b0b-4e0e-99c7-60f6e20df45f,20,topic_2,0.38583314418792725,ltm,,,,9a448704-637c-543d-b083-444cdbfba374,31,transition,"[""77507908-2b0b-4e0e-99c7-60f6e20df45f""]",[20],4
114,3f42455a-8719-41fe-80ec-9d9151d12422,28,topic_2,0.3840336203575134,ltm,,,,71579f66-35e0-58db-bd2d-b5092b1c21d0,31,transition,"[""3f42455a-8719-41fe-80ec-9d9151d12422""]",[28],5
115,55a292db-3ae0-4cf7-906d-2748591c2e19,55,topic_3,0.7547832727432251,both,,,,f86630a7-9f13-5b9a-a8e9-dc43e513f1f1,61,transition,"[""55a292db-3ae0-4cf7-906d-2748591c2e19""]",[55],4
115,2936f497-174b-47b9-a7dd-111508dfa8ee,59,topic_3,0.5566074848175049,ltm,,,,1ef0c981-0b5e-5e0a-a94d-5b8006ffa36d,61,transition,"[""2936f497-174b-47b9-a7dd-111508dfa8ee""]",[59],6
115,71f2e3e7-c7d2-4fc1-b041-06d460490ce1,32,topic_3,0.5152587294578552,ltm,,,,4ed6a21c-83dd-5d85-84fc-ab146af0362e,61,transition,"[""71f2e3e7-c7d2-4fc1-b041-06d460490ce1""]",[32],5
116,6bd4d1a3-37dc-4d9b-95f8-03d9450c7db0,33,topic_3,0.6196568012237549,ltm,,,,674bb09b-98da-5475-a647-73fa4f152566,61,transition,"[""6bd4d1a3-37dc-4d9b-95f8-03d9450c7db0""]",[33],5
116,55a292db-3ae0-4cf7-906d-2748591c2e19,55,topic_3,0.6036590933799744,both,,,,8a7269c5-2f52-523e-9a33-12bc18674bfb,61,transition,"[""55a292db-3ae0-4cf7-906d-2748591c2e19""]",[55],5
116,71f2e3e7-c7d2-4fc1-b041-06d460490ce1,32,topic_3,0.5833863615989685,ltm,,,,4ed6a21c-83dd-5d85-84fc-ab146af0362e,61,transition,"[""71f2e3e7-c7d2-4fc1-b041-06d460490ce1""]",[32],5
116,76a1ceb4-e4e1-4fbd-9623-ed9687782092,58,topic_3,0.5564813613891602,ltm,,,,c7775b69-99a5-5376-b26d-76ea2f6e7dc0,61,transition,"[""76a1ceb4-e4e1-4fbd-9623-ed9687782092""]",[58],14
116,6f398470-dc79-4a0f-9762-c1f047148dd6,31,topic_3,0.536472737789154,ltm,,,,c0764d1f-daa0-5b13-bf0a-b07ad2e61050,61,transition,"[""6f398470-dc79-4a0f-9762-c1f047148dd6""]",[31],2
117,55a292db-3ae0-4cf7-906d-2748591c2e19,55,topic_3,0.7330997586250305,both,,,,8a7269c5-2f52-523e-9a33-12bc18674bfb,61,transition,"[""55a292db-3ae0-4cf7-906d-2748591c2e19""]",[55],5
117,885add12-940d-4d24-bb50-97ab289afcd1,41,topic_3,0.5858575701713562,ltm,,,,4df58ccb-e22b-5cc3-9b70-09da90df85f9,61,transition,"[""885add12-940d-4d24-bb50-97ab289afcd1""]",[41],8
117,2936f497-174b-47b9-a7dd-111508dfa8ee,59,topic_3,0.5760748386383057,both,,,,a7252f88-e819-557d-afeb-0c73dfe95b90,61,transition,"[""2936f497-174b-47b9-a7dd-111508dfa8ee""]",[59],6
117,6f398470-dc79-4a0f-9762-c1f047148dd6,31,topic_3,0.5727558732032776,ltm,,,,c0764d1f-daa0-5b13-bf0a-b07ad2e61050,61,transition,"[""6f398470-dc79-4a0f-9762-c1f047148dd6""]",[31],2
117,8b53414e-27ea-483a-a623-8664b2ecb165,40,topic_3,0.5573711395263672,ltm,,,,770743af-01af-5f82-bddb-ee8c5ce59f32,61,transition,"[""8b53414e-27ea-483a-a623-8664b2ecb165""]",[40],7
118,2cfa787d-a224-4c4d-9fb7-c5c6e1b5ee55,100,topic_5,0.7244383692741394,ltm,,,,6f28ef59-184e-568e-bb1f-5454d65a5476,111,end_of_session_flush,"[""2cfa787d-a224-4c4d-9fb7-c5c6e1b5ee55""]",[100],6
118,287b99fe-06f2-4214-87a4-cd3a3b74e536,111,topic_5,0.6568793058395386,ltm,,,,c83e99b1-4aa9-5e99-b36b-9cd968007ab4,111,end_of_session_flush,"[""287b99fe-06f2-4214-87a4-cd3a3b74e536""]",[111],6
118,9001d2ac-8292-481a-a37e-8d2b18a6ed84,108,topic_5,0.6529423594474792,ltm,,,,ec2179b0-9e15-5a70-9f37-f176e4ce7420,111,end_of_session_flush,"[""9001d2ac-8292-481a-a37e-8d2b18a6ed84""]",[108],13
118,703c6a75-89dc-4d3c-8803-c149aacd2045,105,topic_5,0.6141587495803833,ltm,,,,ee12e8d3-97b3-5e80-a017-198b8b69c198,111,end_of_session_flush,"[""703c6a75-89dc-4d3c-8803-c149aacd2045""]",[105],7
118,9577a8b9-8d7f-4276-bb3a-27a239a0098a,109,topic_5,0.598107099533081,ltm,,,,e2d38664-9b23-5dbe-ab14-702f94556cb4,111,end_of_session_flush,"[""9577a8b9-8d7f-4276-bb3a-27a239a0098a""]",[109],5
119,25a55646-71d3-4ffa-b9f0-4a708a5825af,101,topic_5,0.608044445514679,ltm,,,,18de4040-d7ec-5f59-ac9c-b5812a432170,111,end_of_session_flush,"[""25a55646-71d3-4ffa-b9f0-4a708a5825af""]",[101],5
119,287b99fe-06f2-4214-87a4-cd3a3b74e536,111,topic_5,0.6061527729034424,ltm,,,,c83e99b1-4aa9-5e99-b36b-9cd968007ab4,111,end_of_session_flush,"[""287b99fe-06f2-4214-87a4-cd3a3b74e536""]",[111],6
119,11ff007e-d6b9-4b60-9b0e-08c9f42f7829,107,topic_5,0.603125810623169,ltm,,,,7a81c92f-9dfc-5172-a0fd-78b90a0c64b2,111,end_of_session_flush,"[""11ff007e-d6b9-4b60-9b0e-08c9f42f7829""]",[107],8
119,ae7a4b3e-0f2f-40f3-9694-9a550afa0d3f,96,topic_5,0.5717982649803162,ltm,,,,b7977e2b-b0a6-579c-a2b5-8c396dbcd11a,111,end_of_session_flush,"[""ae7a4b3e-0f2f-40f3-9694-9a550afa0d3f""]",[96],6
119,2cfa787d-a224-4c4d-9fb7-c5c6e1b5ee55,100,topic_5,0.5512712001800537,ltm,,,,6f28ef59-184e-568e-bb1f-5454d65a5476,111,end_of_session_flush,"[""2cfa787d-a224-4c4d-9fb7-c5c6e1b5ee55""]",[100],6
120,62280c45-2825-490d-84f5-8249740d1a62,3,topic_2,0.5551802515983582,ltm,,,,eb45a521-6b35-5cb8-bb40-a640416663a0,31,transition,"[""62280c45-2825-490d-84f5-8249740d1a62""]",[3],2
120,28e337c5-614e-40ca-9738-b3b229715577,8,topic_2,0.5115770101547241,ltm,,,,0b42ddd5-b4e5-5bed-93a3-1c5874433596,31,transition,"[""28e337c5-614e-40ca-9738-b3b229715577""]",[8],6
120,137b61f5-f060-4a5e-81cf-d984b81afe81,98,topic_5,0.5055983066558838,ltm,,,,24f5d66f-c963-510a-8d12-91b67839ba04,111,end_of_session_flush,"[""137b61f5-f060-4a5e-81cf-d984b81afe81""]",[98],2
120,f8bcd284-1fa6-4ea2-9687-78e5ac2d17a9,4,topic_2,0.5055390000343323,ltm,,,,ef885fef-be3f-59d9-b34f-6a8cff3b05bc,31,transition,"[""f8bcd284-1fa6-4ea2-9687-78e5ac2d17a9""]",[4],5
121,f8bcd284-1fa6-4ea2-9687-78e5ac2d17a9,4,topic_2,0.36496978998184204,ltm,,,,ef885fef-be3f-59d9-b34f-6a8cff3b05bc,31,transition,"[""f8bcd284-1fa6-4ea2-9687-78e5ac2d17a9""]",[4],5
121,6f398470-dc79-4a0f-9762-c1f047148dd6,31,topic_3,0.35800883173942566,ltm,,,,c0764d1f-daa0-5b13-bf0a-b07ad2e61050,61,transition,"[""6f398470-dc79-4a0f-9762-c1f047148dd6""]",[31],2
121,28e337c5-614e-40ca-9738-b3b229715577,8,topic_2,0.35616275668144226,ltm,,,,0b42ddd5-b4e5-5bed-93a3-1c5874433596,31,transition,"[""28e337c5-614e-40ca-9738-b3b229715577""]",[8],6
121,703c6a75-89dc-4d3c-8803-c149aacd2045,105,topic_5,0.35027262568473816,ltm,,,,c080d1fd-72d7-53b7-b49a-b259b82510ea,111,end_of_session_flush,"[""703c6a75-89dc-4d3c-8803-c149aacd2045""]",[105],1
