turn,topic_count,episode_count,new_topic_created,new_topic_label,compaction_occurred,compaction_turn
1,1,1,True,topic_1,False,---
2,2,2,True,topic_2,False,---
3,2,3,False,---,False,---
4,2,4,False,---,False,---
5,2,5,False,---,False,---
6,2,6,False,---,False,---
7,2,7,False,---,False,---
8,2,8,False,---,False,---
9,2,9,False,---,False,---
10,1,10,False,---,False,---
11,1,11,False,---,False,---
12,1,12,False,---,False,---
13,1,13,False,---,False,---
14,1,14,False,---,False,---
15,1,15,False,---,False,---
16,1,16,False,---,False,---
17,1,17,False,---,False,---
18,1,18,False,---,False,---
19,1,19,False,---,False,---
20,1,20,False,---,False,---
21,1,21,False,---,False,---
22,1,22,False,---,False,---
23,1,23,False,---,False,---
24,1,24,False,---,False,---
25,1,25,False,---,False,---
26,1,26,False,---,False,---
27,1,27,False,---,False,---
28,1,28,False,---,False,---
29,1,29,False,---,False,---
30,1,30,False,---,False,---
31,1,31,False,---,False,---
32,1,32,False,---,False,---
33,1,33,False,---,False,---
34,1,34,False,---,False,---
35,1,35,False,---,False,---
36,1,36,False,---,False,---
37,1,37,False,---,False,---
38,1,38,False,---,False,---
39,1,39,False,---,False,---
40,1,40,False,---,False,---
41,1,41,False,---,False,---
42,1,42,False,---,False,---
43,1,43,False,---,False,---
44,1,44,False,---,False,---
45,1,45,False,---,False,---
46,1,46,False,---,False,---
47,1,47,False,---,False,---
48,1,48,False,---,False,---
49,1,49,False,---,False,---
50,1,50,False,---,False,---
51,1,51,False,---,False,---
52,1,52,False,---,False,---
53,1,53,False,---,False,---
54,1,54,False,---,False,---
55,1,55,False,---,False,---
56,1,56,False,---,False,---
57,1,57,False,---,False,---
58,1,58,False,---,False,---
59,1,59,False,---,False,---
60,1,60,False,---,False,---
61,1,61,False,---,False,---
62,1,62,False,---,False,---
63,1,63,False,---,False,---
64,1,64,False,---,False,---
65,1,65,False,---,False,---
66,1,66,False,---,False,---
67,1,67,False,---,False,---
68,1,68,False,---,False,---
69,1,69,False,---,False,---
70,1,70,False,---,False,---
71,1,71,False,---,False,---
72,1,72,False,---,False,---
73,1,73,False,---,False,---
74,1,74,False,---,False,---
75,1,75,False,---,False,---
76,1,76,False,---,False,---
77,1,77,False,---,False,---
78,1,78,False,---,False,---
79,1,79,False,---,False,---
80,1,80,False,---,False,---
81,1,81,False,---,False,---
82,1,82,False,---,False,---
83,2,83,True,topic_3,False,---
84,2,84,False,---,False,---
85,2,85,False,---,False,---
86,2,86,False,---,False,---
87,2,87,False,---,False,---
88,2,88,False,---,False,---
89,2,89,False,---,False,---
90,2,90,False,---,False,---
91,2,91,False,---,False,---
92,2,92,False,---,False,---
93,2,93,False,---,False,---
94,2,94,False,---,False,---
95,2,95,False,---,False,---
96,2,96,False,---,False,---
97,2,97,False,---,False,---
98,2,98,False,---,False,---
99,2,99,False,---,False,---
100,2,100,False,---,False,---
101,2,101,False,---,False,---
102,2,102,False,---,False,---
103,2,103,False,---,False,---
104,2,104,False,---,False,---
105,2,105,False,---,False,---
106,2,106,False,---,False,---
107,2,107,False,---,False,---
108,2,108,False,---,False,---
109,2,109,False,---,False,---
110,2,110,False,---,False,---
111,2,111,False,---,False,---
112,2,112,False,---,False,---
113,2,113,False,---,False,---
114,2,114,False,---,False,---
115,2,115,False,---,False,---
116,2,116,False,---,False,---
117,2,117,False,---,False,---
118,2,118,False,---,False,---
119,2,119,False,---,False,---
120,2,120,False,---,False,---
121,2,121,False,---,False,---
122,2,122,False,---,False,---
123,2,123,False,---,False,---
124,2,124,False,---,False,---
125,2,125,False,---,False,---
126,2,126,False,---,False,---
127,2,127,False,---,False,---
128,2,128,False,---,False,---
129,2,129,False,---,False,---
130,2,130,False,---,False,---
131,2,131,False,---,False,---
132,2,132,False,---,False,---
133,2,133,False,---,False,---
134,2,134,False,---,False,---
135,2,135,False,---,False,---
136,2,136,False,---,False,---
137,2,137,False,---,False,---
138,2,138,False,---,False,---
139,2,139,False,---,False,---
140,2,140,False,---,False,---
141,2,141,False,---,False,---
142,2,142,False,---,False,---
143,2,143,False,---,False,---
144,2,144,False,---,False,---
145,2,145,False,---,False,---
146,2,146,False,---,False,---
147,2,147,False,---,False,---
148,2,148,False,---,False,---
149,2,149,False,---,False,---
150,2,150,False,---,False,---
151,2,151,False,---,False,---
152,2,152,False,---,False,---
153,2,153,False,---,False,---
154,2,154,False,---,False,---
155,2,155,False,---,False,---
156,2,156,False,---,False,---
157,2,157,False,---,False,---
158,2,158,False,---,False,---
159,2,159,False,---,False,---
160,2,160,False,---,False,---
161,2,161,False,---,False,---
162,2,162,False,---,False,---
163,2,163,False,---,False,---
164,3,164,True,topic_4,False,---
165,3,165,False,---,False,---
166,3,166,False,---,False,---
167,3,167,False,---,False,---
168,3,168,False,---,False,---
169,3,169,False,---,False,---
170,3,170,False,---,False,---
171,3,171,False,---,False,---
172,3,172,False,---,False,---
173,3,173,False,---,False,---
174,3,174,False,---,False,---
175,3,175,False,---,False,---
176,3,176,False,---,False,---
177,3,177,False,---,False,---
178,3,178,False,---,False,---
179,3,179,False,---,False,---
180,3,180,False,---,False,---
181,3,181,False,---,False,---
182,3,182,False,---,False,---
183,3,183,False,---,False,---
184,3,184,False,---,False,---
185,3,185,False,---,False,---
186,3,186,False,---,False,---
187,3,187,False,---,False,---
188,3,188,False,---,False,---
189,3,189,False,---,False,---
190,3,190,False,---,False,---
191,3,191,False,---,False,---
192,3,192,False,---,False,---
193,3,193,False,---,False,---
194,3,194,False,---,False,---
195,3,195,False,---,False,---
196,3,196,False,---,False,---
197,3,197,False,---,False,---
198,3,198,False,---,False,---
199,3,199,False,---,False,---
200,3,200,False,---,False,---
