turn,topic,episode_id,episode_turn,role,span_start,span_end,word_count,named_entities,numeric_tokens,base,density,salience,selected,text
31,topic_2,ee6e7fc7-592a-4b98-b734-806cd3c0b303,1,user,6,148,21,1,0,1,0.047619,0.071429,False,"Before we begin our technical discussions, I want to establish two rules you must follow throughout our entire conversation without exception."
31,topic_2,ee6e7fc7-592a-4b98-b734-806cd3c0b303,1,user,149,256,16,1,0,1,0.062500,0.093750,False,"First, whenever you list technical specifications or multiple items, always format them as a numbered list."
31,topic_2,ee6e7fc7-592a-4b98-b734-806cd3c0b303,1,user,257,422,22,1,0,1,0.045455,0.068182,False,"Second, always conclude any structural or engineering recommendation with a risk classification in parentheses — either (Risk: Low), (Risk: Medium), or (Risk: High)."
31,topic_2,060e1648-0ec6-44e7-bd86-0ca4bebb586a,3,user,6,120,18,1,0,1,0.055556,0.083333,False,We are beginning work on a major infrastructure project called Halcyon Crossing — a long-span cable-stayed bridge.
31,topic_2,060e1648-0ec6-44e7-bd86-0ca4bebb586a,3,user,121,155,7,1,1,3,0.428571,0.642857,True,The total main span is 847 meters.
31,topic_2,060e1648-0ec6-44e7-bd86-0ca4bebb586a,3,user,156,229,12,1,0,1,0.083333,0.125000,False,The lead structural engineer assigned to the project is Dr. Anara Bekova.
31,topic_2,060e1648-0ec6-44e7-bd86-0ca4bebb586a,3,assistant,286,344,8,1,0,1,0.125000,0.125000,False,I acknowledge the project parameters for Halcyon Crossing:
31,topic_2,060e1648-0ec6-44e7-bd86-0ca4bebb586a,3,assistant,349,379,4,2,0,2,0.500000,0.500000,True,Project Name: Halcyon Crossing
31,topic_2,060e1648-0ec6-44e7-bd86-0ca4bebb586a,3,assistant,432,459,5,1,1,3,0.600000,0.600000,True,Total Main Span: 847 meters
31,topic_2,060e1648-0ec6-44e7-bd86-0ca4bebb586a,3,assistant,463,505,6,1,0,1,0.166667,0.166667,False,Lead Structural Engineer: Dr. Anara Bekova
31,topic_2,7efdb6f3-c190-4be3-a866-13eff0a24102,4,user,6,109,16,2,1,4,0.250000,0.375000,True,The steel specification for Halcyon Crossing's primary structural members has been set at grade S460ML.
31,topic_2,7efdb6f3-c190-4be3-a866-13eff0a24102,4,user,110,172,12,1,1,3,0.250000,0.375000,True,The bridge's maximum load rating is 92.4 metric tons per axle.
31,topic_2,7efdb6f3-c190-4be3-a866-13eff0a24102,4,user,173,328,27,0,1,2,0.074074,0.111111,False,"Walk me through step by step what makes S460ML appropriate for a span of this length and load rating, and what the key material performance thresholds are."
31,topic_2,7efdb6f3-c190-4be3-a866-13eff0a24102,4,assistant,344,491,24,1,2,5,0.208333,0.208333,False,**High Yield Strength for Reduced Section Size:** S460ML is a high-strength low-alloy steel with a minimum yield strength of 460 MPa (megapascals).
31,topic_2,7efdb6f3-c190-4be3-a866-13eff0a24102,4,assistant,492,579,16,1,1,3,0.187500,0.187500,False,"For an 847-meter span, minimizing the self-weight of the girder and towers is critical."
31,topic_2,7efdb6f3-c190-4be3-a866-13eff0a24102,4,assistant,580,830,42,2,2,6,0.142857,0.142857,False,"Using a higher-strength steel allows for smaller cross-sectional dimensions compared to lower-grade steels (like S355), which reduces the dead load and allows the cables to carry a higher proportion of the live load (the 92.4 metric tons per axle). ("
31,topic_2,7efdb6f3-c190-4be3-a866-13eff0a24102,4,assistant,846,1012,23,2,1,4,0.173913,0.173913,False,"**The ""M"" Designation Indicates Excellent Weldability:** The ""M"" in S460ML stands for ""modified"" or specifically refers to a controlled carbon equivalent value (CEV)."
31,topic_2,7efdb6f3-c190-4be3-a866-13eff0a24102,4,assistant,1110,1326,33,1,1,3,0.090909,0.090909,False,"S460ML ensures that the material can be welded without pre-heating or post-weld heat treatment in most cases, reducing the risk of hydrogen-induced cracking and improving fabrication efficiency and joint integrity. ("
31,topic_2,7efdb6f3-c190-4be3-a866-13eff0a24102,4,assistant,1342,1595,40,1,5,11,0.275000,0.275000,False,"**The ""L"" Designation Ensures Low-Temperature Toughness:** The ""L"" signifies low-temperature toughness, guaranteeing impact resistance at temperatures as low as -20°C or -50°C (depending on the specific sub-grade and testing standards, EN 10025-2:2004)."
31,topic_2,7efdb6f3-c190-4be3-a866-13eff0a24102,4,assistant,1829,1979,23,1,1,3,0.130435,0.130435,False,**Fatigue Resistance for Dynamic Loading:** A 92.4-metric-ton axle load imposes significant cyclic stress on the structure over the bridge's lifespan.
31,topic_2,7efdb6f3-c190-4be3-a866-13eff0a24102,4,assistant,1980,2096,15,0,1,2,0.133333,0.133333,False,"S460ML offers superior fatigue performance compared to mild steel, particularly when combined with proper detailing."
31,topic_2,7efdb6f3-c190-4be3-a866-13eff0a24102,4,assistant,2341,2366,5,2,1,4,0.800000,0.800000,True,Yield Strength: ≥ 460 MPa
31,topic_2,7efdb6f3-c190-4be3-a866-13eff0a24102,4,assistant,2375,2404,4,1,2,5,1.250000,1.250000,True,Tensile Strength: 620–780 MPa
31,topic_2,7efdb6f3-c190-4be3-a866-13eff0a24102,4,assistant,2413,2465,11,4,2,8,0.727273,0.727273,True,Elongation at Break: ≥ 21% (for plates ≤ 40mm thick)
31,topic_2,7efdb6f3-c190-4be3-a866-13eff0a24102,4,assistant,2474,2550,13,3,1,5,0.384615,0.384615,True,Impact Energy (Charpy V-Notch): ≥ 27 Joules at the specified low temperature
31,topic_2,7efdb6f3-c190-4be3-a866-13eff0a24102,4,assistant,2559,2615,8,3,1,5,0.625000,0.625000,True,Carbon Equivalent (CEV): ≤ 0.45% (to ensure weldability)
31,topic_2,7efdb6f3-c190-4be3-a866-13eff0a24102,4,assistant,2617,2821,29,2,1,4,0.137931,0.137931,False,"Using S460ML is an appropriate choice for Halcyon Crossing given the span and load constraints, provided that fabrication protocols strictly adhere to welding procedures suited for high-strength steels. ("
31,topic_2,cb1aa801-6985-4320-861c-ab001289c8fc,5,user,6,215,37,4,2,8,0.216216,0.324324,True,"Given the 847-meter span and 92.4 metric ton axle load rating for Halcyon Crossing, what are the primary structural failure modes Dr. Anara Bekova's team needs to model across the full lifecycle of the bridge?"
31,topic_2,cb1aa801-6985-4320-861c-ab001289c8fc,5,assistant,231,424,32,2,1,4,0.125000,0.125000,False,**Cable Fatigue and Corrosion:** The primary risk for the 847-meter span is the fatigue of stay cables due to wind-induced vibrations (such as rain-wind induced vibrations) and thermal cycling.
31,topic_2,cb1aa801-6985-4320-861c-ab001289c8fc,5,assistant,532,648,18,1,0,1,0.055556,0.055556,False,Dr. Bekova’s team must model dynamic damping requirements and long-term material degradation of the cable bundles. (
31,topic_2,cb1aa801-6985-4320-861c-ab001289c8fc,5,assistant,665,826,23,1,1,3,0.130435,0.130435,False,**Pylon Buckling and Foundation Settlement:** The central pylons supporting the 847-meter span must withstand immense compressive loads from the cables and deck.
31,topic_2,cb1aa801-6985-4320-861c-ab001289c8fc,5,assistant,1080,1231,22,1,1,3,0.136364,0.136364,False,"**Deck Lateral-Torsional Buckling and Flutter:** With a 92.4-metric-ton axle load, the deck must resist excessive deflection and torsional oscillation."
31,topic_2,cb1aa801-6985-4320-861c-ab001289c8fc,5,assistant,1878,2042,25,1,1,3,0.120000,0.120000,False,"**Material Creep and Relaxation:** Over a 100+ year lifecycle, the concrete components (if composite) and the steel tendons may exhibit creep and stress relaxation."
31,topic_2,a35e9ed4-e159-4bcd-a289-6b0767048a9c,6,user,6,143,20,1,1,3,0.150000,0.225000,False,Compare and contrast in detail the aerodynamic behavior of cable-stayed versus suspension bridge designs at spans approaching 847 meters.
31,topic_2,a35e9ed4-e159-4bcd-a289-6b0767048a9c,6,assistant,246,445,24,1,1,3,0.125000,0.125000,False,**Structural Stiffness and Aerodynamic Sensitivity:** Cable-stayed bridges possess significantly higher torsional and bending stiffness compared to suspension bridges at spans approaching 847 meters.
31,topic_2,a35e9ed4-e159-4bcd-a289-6b0767048a9c,6,assistant,1402,1650,43,2,0,2,0.046512,0.046512,False,"**Critical Flutter Speed Parameters:** For a cable-stayed bridge, the reduced frequency parameter ($k = \frac{V}{f B}$, where $V$ is wind speed, $f$ is natural frequency, and $B$ is deck width) remains higher due to the high structural frequencies."
31,topic_2,a35e9ed4-e159-4bcd-a289-6b0767048a9c,6,assistant,1651,1763,18,3,2,7,0.388889,0.388889,True,Designers target a flutter critical speed ($V_{cr}$) typically 1.3 to 1.5 times the maximum expected wind speed.
31,topic_2,a35e9ed4-e159-4bcd-a289-6b0767048a9c,6,assistant,1764,2131,53,0,4,8,0.150943,0.150943,False,"Suspension bridges, having lower natural frequencies due to their flexibility, operate at lower reduced frequencies and are more sensitive to the coupling between bending and torsion modes, often requiring wind tunnel testing to optimize the deck’s mass distribution and aerodynamic derivatives ($H_1^*, A_2^*, P_1^*, A_3^*$) to achieve an equivalent safety factor. ("
31,topic_2,a35e9ed4-e159-4bcd-a289-6b0767048a9c,6,assistant,2148,2411,40,1,0,1,0.025000,0.025000,False,"**Vortex Shedding and Vibration Suppression:** Cable-stayed decks with open trusses experience vortex shedding at lower Strouhal numbers due to the bluff body nature of the truss elements, but the high damping of the cable-stayed system often mitigates amplitude."
31,topic_2,a35e9ed4-e159-4bcd-a289-6b0767048a9c,6,assistant,2796,2929,16,1,0,1,0.062500,0.062500,False,"**Stays/Cables Aerodynamic Interaction:** In cable-stayed bridges, the stay cables themselves are significant aerodynamic components."
31,topic_2,a35e9ed4-e159-4bcd-a289-6b0767048a9c,6,assistant,2930,3033,18,1,1,3,0.166667,0.166667,False,"At 847 meters, the fan or harp arrangement creates a complex wake interaction with the deck and pylons."
31,topic_2,fcd4b9e3-32d5-4997-b770-03d8677a6c32,7,user,6,211,32,1,1,3,0.093750,0.140625,False,"Walk me through the full methodology for conducting a dynamic load analysis on a cable-stayed bridge with an 847-meter main span, from initial modeling assumptions through to load combination verification."
31,topic_2,fcd4b9e3-32d5-4997-b770-03d8677a6c32,7,assistant,227,382,22,2,0,2,0.090909,0.090909,False,**Initial Modeling Assumptions and Geometry:** The process begins by defining a high-fidelity finite element model (FEM) of the Halcyon Crossing structure.
31,topic_2,fcd4b9e3-32d5-4997-b770-03d8677a6c32,7,assistant,383,504,17,1,1,3,0.176471,0.176471,False,"This involves modeling the 847-meter main span, pylons, anchorages, and stay cables with appropriate boundary conditions."
31,topic_2,fcd4b9e3-32d5-4997-b770-03d8677a6c32,7,assistant,749,932,29,3,1,5,0.172414,0.172414,False,"Material properties for S460ML steel (including Young's Modulus, density, and Poisson's ratio) are input, and initial tension in the stays is calibrated to match the design profile. ("
31,topic_2,fcd4b9e3-32d5-4997-b770-03d8677a6c32,7,assistant,1102,1267,21,1,0,1,0.047619,0.047619,False,"This step identifies critical modes, particularly the lower-order symmetric and antisymmetric vertical bending modes, torsional modes, and cable-participating modes."
31,topic_2,fcd4b9e3-32d5-4997-b770-03d8677a6c32,7,assistant,1394,1554,27,1,2,5,0.185185,0.185185,False,"Damping ratios are assigned based on empirical data for steel cable-stayed bridges, typically ranging from 1.0% to 2.0% for the deck and lower for the cables. ("
31,topic_2,fcd4b9e3-32d5-4997-b770-03d8677a6c32,7,assistant,1570,1711,21,1,1,3,0.142857,0.142857,False,**Dynamic Load Modeling (Traffic and Wind):** Dynamic effects are introduced using moving load algorithms for the 92.4-metric-ton axle loads.
31,topic_2,fcd4b9e3-32d5-4997-b770-03d8677a6c32,7,assistant,1712,1903,28,1,0,1,0.035714,0.035714,False,"This involves simulating vehicular traffic at various speeds to calculate the dynamic amplification factor (DAF) or impact factor, which accounts for the vibration induced by the moving mass."
31,topic_2,fcd4b9e3-32d5-4997-b770-03d8677a6c32,7,assistant,1904,2159,37,1,0,1,0.027027,0.027027,False,"Simultaneously, wind loads are modeled using stochastic methods, such as the Davenport spectrum, to generate time-history wind data that captures turbulence intensity, gust factors, and aerodynamic forces (drag, lift, and moment) on the deck and pylons. ("
31,topic_2,fcd4b9e3-32d5-4997-b770-03d8677a6c32,7,assistant,2178,2341,25,1,0,1,0.040000,0.040000,False,**Time-History Analysis and Non-Linear Verification:** A non-linear time-history analysis is performed to evaluate the bridge's response to combined dynamic loads.
31,topic_2,fcd4b9e3-32d5-4997-b770-03d8677a6c32,7,assistant,2793,2978,25,1,1,3,0.120000,0.120000,False,"**Load Combination Verification and Code Compliance:** The final step involves combining the dynamic responses according to relevant engineering codes (e.g., Eurocode 1 or AASHTO LRFD)."
31,topic_2,fcd4b9e3-32d5-4997-b770-03d8677a6c32,7,assistant,3179,3332,20,1,1,3,0.150000,0.150000,False,The resulting combined stresses and deflections are compared against allowable limits for S460ML steel to ensure structural integrity and serviceability.
31,topic_2,fcd4b9e3-32d5-4997-b770-03d8677a6c32,7,assistant,3333,3473,20,1,1,3,0.150000,0.150000,False,This verification confirms that the bridge can safely withstand the 92.4-ton axle loads under dynamic conditions throughout its lifecycle. (
31,topic_2,454deaa5-f194-461b-a561-9239bc7650e1,8,user,6,219,36,2,0,2,0.055556,0.083333,False,"What are all the factors that contribute to cable fatigue in long-span cable-stayed bridges, and how would Dr. Anara Bekova's team design an inspection and replacement schedule for Halcyon Crossing's cable system?"
31,topic_2,454deaa5-f194-461b-a561-9239bc7650e1,8,assistant,235,389,24,2,1,4,0.166667,0.166667,False,**Mechanical Fatigue from Traffic Loads:** The primary contributor is the cyclic stressing caused by the 92.4-metric-ton axle loads passing over the deck.
31,topic_2,454deaa5-f194-461b-a561-9239bc7650e1,8,assistant,513,657,26,2,0,2,0.076923,0.076923,False,Dr. Bekova’s team must calculate the stress range ($\Delta \sigma$) and use S-N curves specific to the cable material to predict fatigue life. (
31,topic_2,454deaa5-f194-461b-a561-9239bc7650e1,8,assistant,674,878,34,2,2,6,0.176471,0.176471,False,**Wind-Induced Vibrations (RWIV):** Rain-wind induced vibration is a critical factor where a water ridge forms on the windward side of the cable under specific wind speeds (typically 5–15 m/s) and angles.
31,topic_2,454deaa5-f194-461b-a561-9239bc7650e1,8,assistant,1830,1957,16,1,0,1,0.062500,0.062500,False,Corrosion reduces the effective cross-sectional area and creates stress concentrators that accelerate fatigue crack initiation.
31,topic_2,454deaa5-f194-461b-a561-9239bc7650e1,8,assistant,1958,2109,22,2,0,2,0.090909,0.090909,False,"Halcyon Crossing’s design must include double-sheathing systems (e.g., HDPE sheaths with grease filling) to isolate the strands from the environment. ("
31,topic_2,454deaa5-f194-461b-a561-9239bc7650e1,8,assistant,2407,2546,22,1,0,1,0.045455,0.045455,False,Dr. Bekova’s team must model the stress distribution at these nodes to ensure smooth load transfer and minimize fretting between strands. (
31,topic_2,454deaa5-f194-461b-a561-9239bc7650e1,8,assistant,2603,2702,13,1,2,5,0.384615,0.384615,True,**Initial Phase (Years 0–5):** Annual visual inspections of anchorage areas and protective sheaths.
31,topic_2,454deaa5-f194-461b-a561-9239bc7650e1,8,assistant,2703,2787,13,1,1,3,0.230769,0.230769,False,Ultrasonic testing (UT) of a sample of cables (10%) to establish baseline integrity.
31,topic_2,454deaa5-f194-461b-a561-9239bc7650e1,8,assistant,2796,2979,24,1,2,5,0.208333,0.208333,False,**Routine Phase (Years 6–25):** Biennial detailed inspections using remote-operated vehicles (ROVs) or drones equipped with acoustic emission sensors to detect internal strand breaks.
31,topic_2,454deaa5-f194-461b-a561-9239bc7650e1,8,assistant,2980,3028,10,2,2,6,0.600000,0.600000,True,Full UT sampling of 20% of cables every 5 years.
31,topic_2,454deaa5-f194-461b-a561-9239bc7650e1,8,assistant,3037,3140,16,4,4,12,0.750000,0.750000,True,**Advanced Phase (Years 26–50):** Annual inspections with 100% UT testing of all cables every 10 years.
31,topic_2,454deaa5-f194-461b-a561-9239bc7650e1,8,assistant,3233,3436,34,3,3,9,0.264706,0.264706,False,"**Replacement Criteria:** Replacement is triggered if UT detects >5% strand loss in a bundle, if corrosion pits exceed 10% of strand diameter, or if fatigue analysis predicts remaining life is <10 years."
31,topic_2,454deaa5-f194-461b-a561-9239bc7650e1,8,assistant,3520,3673,21,1,0,1,0.047619,0.047619,False,Implementing this multi-hazard fatigue analysis and proactive inspection protocol ensures the long-term reliability of Halcyon Crossing’s cable system. (
31,topic_2,3cc7777c-4f8c-4e91-8f60-b269130bd068,9,user,6,109,16,2,0,2,0.125000,0.187500,False,Analyze the seismic design requirements for a bridge of Halcyon Crossing's scale from first principles.
31,topic_2,3cc7777c-4f8c-4e91-8f60-b269130bd068,9,assistant,222,448,32,3,1,5,0.156250,0.156250,False,"**Performance Objectives and Design Philosophy:** From first principles, seismic design for an 847-meter cable-stayed bridge like Halcyon Crossing relies on a ""capacity design"" approach and a multi-level performance objective."
31,topic_2,3cc7777c-4f8c-4e91-8f60-b269130bd068,9,assistant,597,816,27,3,0,3,0.111111,0.111111,False,"This requires defining three key performance levels: Operational (no damage, immediate use), Life-Safety (limited damage, repairable), and Prevention of Collapse (significant damage but structural integrity maintained)."
31,topic_2,3cc7777c-4f8c-4e91-8f60-b269130bd068,9,assistant,2181,2342,22,1,1,3,0.136364,0.136364,False,"For the S460ML steel components designated as plastic hinges, the design must ensure sufficient rotational capacity to dissipate seismic energy without fracture."
31,topic_2,3cc7777c-4f8c-4e91-8f60-b269130bd068,9,assistant,2343,2511,30,2,2,6,0.200000,0.200000,False,"This typically requires a ductility factor of $\mu_\Delta \ge 4$ for pylon foundations and $\mu_\Delta \ge 3$ for deck bearings, depending on the isolation system used."
31,topic_2,3cc7777c-4f8c-4e91-8f60-b269130bd068,9,assistant,2859,3036,26,1,0,1,0.038462,0.038462,False,"**Soil-Structure Interaction (SSI) and Foundation Design:** Given the massive inertial forces and long-period nature of the bridge, the seismic design must rigorously model SSI."
31,topic_2,3cc7777c-4f8c-4e91-8f60-b269130bd068,9,assistant,4307,4457,20,2,0,2,0.100000,0.100000,False,Implementing this first-principles seismic framework ensures Halcyon Crossing meets the necessary resilience standards for its span and load rating. (
31,topic_2,0047125e-95c7-403b-9432-4fff76a504e7,10,user,6,228,36,2,2,6,0.166667,0.250000,False,"What are the full corrosion protection requirements for S460ML steel in a marine or coastal environment, and how does this interact with the structural maintenance lifecycle for a bridge rated at 92.4 metric tons per axle?"
31,topic_2,0047125e-95c7-403b-9432-4fff76a504e7,10,assistant,243,495,40,2,5,12,0.300000,0.300000,True,"**Surface Preparation and Blasting Standards:** For S460ML steel in a marine or coastal environment, the steel surface must undergo high-pressure abrasive blasting to achieve at least ISO 8501-1 Sa 2.5 (very thorough) or Sa 3 (white metal) cleanliness."
31,topic_2,0047125e-95c7-403b-9432-4fff76a504e7,10,assistant,496,637,19,1,2,5,0.263158,0.263158,False,"This removes mill scale, rust, and contaminants, creating a defined surface profile (typically 50–75 microns) essential for coating adhesion."
31,topic_2,0047125e-95c7-403b-9432-4fff76a504e7,10,assistant,638,779,20,1,1,3,0.150000,0.150000,False,This preparation is critical because the high strength of S460ML makes it sensitive to stress concentrations caused by underfilm corrosion. (
31,topic_2,0047125e-95c7-403b-9432-4fff76a504e7,10,assistant,797,1047,38,1,0,1,0.026316,0.026316,False,"**Multi-Layer Coating System Specification:** The structural members must be protected with a high-performance multi-coat system, typically including an epoxy zinc-rich primer, a mid-coat of epoxy mastic, and a polyurethane topcoat for UV resistance."
31,topic_2,0047125e-95c7-403b-9432-4fff76a504e7,10,assistant,1170,1314,21,2,2,6,0.285714,0.285714,True,"The total dry film thickness (DFT) should range between 350–450 microns, providing a barrier against chloride ion penetration from salt spray. ("
31,topic_2,0047125e-95c7-403b-9432-4fff76a504e7,10,assistant,1545,1661,14,1,1,3,0.214286,0.214286,False,"This electrochemical protection complements the physical barrier, preventing galvanic corrosion of the S460ML steel."
31,topic_2,0047125e-95c7-403b-9432-4fff76a504e7,10,assistant,1818,2007,26,2,1,4,0.153846,0.153846,False,"**Maintenance Lifecycle and Coating Renewal:** The 92.4-metric-ton axle load imposes dynamic stresses that can cause micro-cracking in coatings over time, accelerating corrosion initiation."
31,topic_2,0047125e-95c7-403b-9432-4fff76a504e7,10,assistant,2008,2143,19,1,1,3,0.157895,0.157895,False,The maintenance schedule must include detailed coating inspections every 5 years using dry film thickness gauges and holiday detectors.
31,topic_2,0047125e-95c7-403b-9432-4fff76a504e7,10,assistant,2144,2319,26,2,3,8,0.307692,0.307692,True,"Coating renewal is typically required every 15–20 years in severe marine zones, involving surface re-preparation and recoating to maintain the integrity of the S460ML steel. ("
31,topic_2,0047125e-95c7-403b-9432-4fff76a504e7,10,assistant,2566,2789,32,1,0,1,0.031250,0.031250,False,Non-destructive testing (NDT) such as magnetic particle inspection (MPI) or ultrasonic testing (UT) must be conducted concurrently with coating inspections to detect early-stage corrosion or cracking in the steel substrate.
31,topic_2,0047125e-95c7-403b-9432-4fff76a504e7,10,assistant,2790,2880,14,1,1,3,0.214286,0.214286,False,This ensures that the structural capacity of S460ML is not degraded by hidden corrosion. (
31,topic_2,0047125e-95c7-403b-9432-4fff76a504e7,10,assistant,2893,3036,18,2,1,4,0.222222,0.222222,False,Implementing this comprehensive corrosion protection strategy ensures the longevity of S460ML steel in Halcyon Crossing's marine environment. (
31,topic_2,473ea6a4-f4ce-499d-9f3a-8b9285e081a0,11,user,6,223,32,2,1,4,0.125000,0.187500,False,"Walk me through all the construction staging considerations for a cable-stayed bridge with an 847-meter span, from foundation installation through deck closure, and identify the three highest-risk construction phases."
31,topic_2,473ea6a4-f4ce-499d-9f3a-8b9285e081a0,11,assistant,2739,2873,20,2,1,4,0.200000,0.200000,False,"**Traffic Loading and Final Commissioning:** Before opening to the 92.4-metric-ton axle loads, a comprehensive load test is conducted."
31,topic_2,473ea6a4-f4ce-499d-9f3a-8b9285e081a0,11,assistant,3112,3155,5,1,0,1,0.200000,0.200000,False,**Three Highest-Risk Construction Phases:**
31,topic_2,2d140f92-8ebc-435a-bdf5-67c17d8f1ecf,12,user,6,204,31,3,1,5,0.161290,0.241935,False,What monitoring systems should be integrated into Halcyon Crossing's design from day one to support structural health monitoring over a 100-year service life under Dr. Anara Bekova's specifications?
31,topic_2,2d140f92-8ebc-435a-bdf5-67c17d8f1ecf,12,assistant,219,462,36,1,0,1,0.027778,0.027778,False,**Global Positioning System (GPS) and Real-Time Kinematic (RTK) Monitoring:** High-precision GPS receivers should be installed on the pylon tops and key deck nodes to monitor millimeter-level vertical and horizontal displacements in real-time.
31,topic_2,2d140f92-8ebc-435a-bdf5-67c17d8f1ecf,12,assistant,463,599,21,1,1,3,0.142857,0.142857,False,"This system will track long-term settlement of foundations, thermal expansion/contraction of the 847-meter span, and wind-induced drift."
31,topic_2,2d140f92-8ebc-435a-bdf5-67c17d8f1ecf,12,assistant,699,890,27,1,1,3,0.111111,0.111111,False,"**Fiber Bragg Grating (FBG) Strain Sensors:** Embedded FBG sensors should be integrated directly into the S460ML steel deck sections, pylon cross-sections, and stay cables during fabrication."
31,topic_2,2d140f92-8ebc-435a-bdf5-67c17d8f1ecf,12,assistant,891,1076,26,1,0,1,0.038462,0.038462,False,"Unlike traditional resistive strain gauges, FBGs are immune to electromagnetic interference, highly durable, and can multiplex hundreds of sensing points over a single fiber optic line."
31,topic_2,2d140f92-8ebc-435a-bdf5-67c17d8f1ecf,12,assistant,1202,1413,32,1,1,3,0.093750,0.093750,False,"**Accelerometers and Vibration Response Units:** A network of tri-axial accelerometers should be mounted on the deck and pylons to capture dynamic responses to traffic (92.4-ton axles), wind, and seismic events."
31,topic_2,2d140f92-8ebc-435a-bdf5-67c17d8f1ecf,12,assistant,1699,1895,28,1,0,1,0.035714,0.035714,False,**Cable Force and Corrosion Monitoring System:** Dedicated load cells or frequency-based tension meters should be installed at the anchorages of critical stay cables to monitor tension variations.
31,topic_2,2d140f92-8ebc-435a-bdf5-67c17d8f1ecf,12,assistant,2623,2785,22,1,0,1,0.045455,0.045455,False,"**Automated Data Acquisition and AI Analytics Platform:** All sensor data should feed into a centralized, cloud-based Structural Health Monitoring (SHM) platform."
31,topic_2,2d140f92-8ebc-435a-bdf5-67c17d8f1ecf,12,assistant,2922,3092,24,2,1,4,0.166667,0.166667,False,"The platform must ensure data integrity, redundancy, and long-term storage capabilities to support the 100-year analysis requirements under Dr. Bekova's specifications. ("
31,topic_2,2d140f92-8ebc-435a-bdf5-67c17d8f1ecf,12,assistant,3104,3252,19,1,0,1,0.052632,0.052632,False,Integrating these systems from the foundation stage ensures comprehensive data coverage and long-term structural reliability for Halcyon Crossing. (
31,topic_2,fc56e139-eaf1-46f7-aa6a-1385b17249dc,13,user,6,176,26,2,2,6,0.230769,0.346154,True,Analyze in detail how thermal expansion and contraction affects the structural behavior of a cable-stayed bridge with 847 meters of main span under S460ML specifications.
31,topic_2,fc56e139-eaf1-46f7-aa6a-1385b17249dc,13,assistant,237,589,58,6,9,24,0.413793,0.413793,True,"**Coefficient of Thermal Expansion and Total Movement:** S460ML steel has a coefficient of thermal expansion (CTE) of approximately $12 \times 10^{-6} / ^\circ\text{C}$. For an 847-meter main span, a realistic operational temperature range (e.g., -20°C to +40°C, a 60°C delta) results in a total thermal expansion/contraction of roughly 61 centimeters."
31,topic_2,fc56e139-eaf1-46f7-aa6a-1385b17249dc,13,assistant,1120,1321,31,2,1,4,0.129032,0.129032,False,"Dr. Bekova's team must model these secondary effects to ensure the pylon sections are sized to resist these cyclic bending stresses without fatigue failure, particularly in the S460ML steel sections. ("
31,topic_2,fc56e139-eaf1-46f7-aa6a-1385b17249dc,13,assistant,2162,2273,17,1,1,3,0.176471,0.176471,False,These bearings must allow for the 61 cm of longitudinal movement while restraining lateral and vertical motion.
31,topic_2,fc56e139-eaf1-46f7-aa6a-1385b17249dc,13,assistant,2713,2794,12,1,1,3,0.250000,0.250000,False,This warping induces additional stresses in the S460ML steel diaphragms and webs.
31,topic_2,fc56e139-eaf1-46f7-aa6a-1385b17249dc,13,assistant,2795,3055,41,1,0,1,0.024390,0.024390,False,"Dr. Bekova's team must include thermal gradient load cases in the finite element analysis to size the cross-section for these localized stresses, ensuring the orthotropic deck plate remains stable and does not buckle under combined thermal and traffic loads. ("
31,topic_2,fc56e139-eaf1-46f7-aa6a-1385b17249dc,13,assistant,3073,3219,23,1,0,1,0.043478,0.043478,False,"**Sliding and Guiding Systems:** To prevent the accumulation of thermal stresses, the bridge deck must be allowed to slide freely on the bearings."
31,topic_2,fc56e139-eaf1-46f7-aa6a-1385b17249dc,13,assistant,3367,3589,34,1,0,1,0.029412,0.029412,False,"Friction coefficients must be minimized (e.g., using PTFE slide plates) to ensure that the thermal forces are not partially resisted by friction, which could lead to unexpected stress concentrations in the pylon or deck. ("
31,topic_2,fc56e139-eaf1-46f7-aa6a-1385b17249dc,13,assistant,3601,3758,19,1,0,1,0.052632,0.052632,False,Implementing these strategies ensures that thermal effects are managed without compromising the structural integrity or serviceability of Halcyon Crossing. (
31,topic_2,a7c9cbfe-bbe9-41f0-94b5-5316b96c36f1,14,user,6,176,24,1,0,1,0.041667,0.062500,False,"Compare and contrast the bearing systems appropriate for a bridge of Halcyon Crossing's load rating, including pot bearings, spherical bearings, and elastomeric bearings."
31,topic_2,a7c9cbfe-bbe9-41f0-94b5-5316b96c36f1,14,user,177,247,12,1,1,3,0.250000,0.375000,True,What does the 92.4 metric ton axle rating imply for bearing selection?
31,topic_2,a7c9cbfe-bbe9-41f0-94b5-5316b96c36f1,14,assistant,262,414,24,1,0,1,0.041667,0.041667,False,"**Pot Bearings:** Pot bearings consist of a stainless steel plate sliding over a PTFE disc, contained within a steel pot filled with elastomeric rubber."
31,topic_2,a7c9cbfe-bbe9-41f0-94b5-5316b96c36f1,14,assistant,415,644,36,2,1,4,0.111111,0.111111,False,"For Halcyon Crossing, pot bearings are highly effective for supporting the immense vertical loads generated by the 92.4 metric ton axle rating because the confined rubber allows for very high load capacity in a compact footprint."
31,topic_2,a7c9cbfe-bbe9-41f0-94b5-5316b96c36f1,14,assistant,713,893,28,1,1,3,0.107143,0.107143,False,"However, for the longitudinal thermal movements of an 847-meter span, pot bearings are often used in a ""sliding pot"" configuration where the sliding action handles the translation."
31,topic_2,a7c9cbfe-bbe9-41f0-94b5-5316b96c36f1,14,assistant,894,1009,16,1,0,1,0.062500,0.062500,False,They require meticulous maintenance to ensure the PTFE surfaces remain clean and lubricated to minimize friction. (
31,topic_2,a7c9cbfe-bbe9-41f0-94b5-5316b96c36f1,14,assistant,1024,1178,20,1,0,1,0.050000,0.050000,False,**Spherical Bearings:** Spherical bearings utilize a concave stainless steel or PTFE spherical surface that rotates within a corresponding spherical seat.
31,topic_2,a7c9cbfe-bbe9-41f0-94b5-5316b96c36f1,14,assistant,1391,1590,33,2,3,8,0.242424,0.242424,False,"For the 92.4 metric ton axle load, the contact area must be sufficiently large to keep contact pressures within safe limits for the materials (typically limiting PTFE contact pressure to ~20-30 MPa)."
31,topic_2,a7c9cbfe-bbe9-41f0-94b5-5316b96c36f1,14,assistant,2030,2239,33,1,1,3,0.090909,0.090909,False,"While they are low-maintenance and self-aligning, their load capacity is limited by the risk of excessive compression set and instability (buckling) under extreme vertical loads like 92.4 metric tons per axle."
31,topic_2,a7c9cbfe-bbe9-41f0-94b5-5316b96c36f1,14,assistant,2558,2610,8,1,1,3,0.375000,0.375000,True,**Implications of the 92.4 Metric Ton Axle Rating:**
31,topic_2,a7c9cbfe-bbe9-41f0-94b5-5316b96c36f1,14,assistant,2618,2764,22,1,1,3,0.136364,0.136364,False,**High Contact Pressures:** The concentrated load of 92.4 metric tons per axle translates to extremely high reaction forces at the pylon supports.
31,topic_2,a7c9cbfe-bbe9-41f0-94b5-5316b96c36f1,14,assistant,3002,3116,17,1,0,1,0.058824,0.058824,False,**Friction Management:** High vertical loads increase the frictional resistance in sliding bearings ($F = \mu N$).
31,topic_2,a7c9cbfe-bbe9-41f0-94b5-5316b96c36f1,14,assistant,3117,3342,38,1,0,1,0.026316,0.026316,False,"Since $N$ is large, even a small increase in the coefficient of friction ($\mu$) due to contamination or material degradation can generate significant longitudinal forces that the deck or pylons may not be designed to resist."
31,topic_2,a7c9cbfe-bbe9-41f0-94b5-5316b96c36f1,14,assistant,3438,3538,13,1,0,1,0.076923,0.076923,False,**Durability and Maintenance Access:** The high stress levels accelerate wear in sliding interfaces.
31,topic_2,a7c9cbfe-bbe9-41f0-94b5-5316b96c36f1,14,assistant,3539,3763,34,2,1,4,0.117647,0.117647,False,The design must allow for periodic jacking of the deck to inspect and replace PTFE sliders or lubricate the spherical surfaces without compromising the structural stability of the 847-meter span during maintenance windows. (
31,topic_2,a7c9cbfe-bbe9-41f0-94b5-5316b96c36f1,14,assistant,3778,4095,43,1,0,1,0.023256,0.023256,False,"For Halcyon Crossing, a hybrid approach using spherical sliding bearings at the pylon-deck interface (to handle rotation and translation) and pot bearings or specialized high-capacity elastomeric systems at the abutments is recommended to balance load capacity, movement accommodation, and maintenance requirements. ("
31,topic_2,271adb0d-2a83-460b-8fdc-89846e58b4a7,15,user,6,138,24,1,1,3,0.125000,0.187500,False,What are all the factors that must be considered when designing the pylon geometry for a cable-stayed bridge with an 847-meter span?
31,topic_2,271adb0d-2a83-460b-8fdc-89846e58b4a7,15,assistant,398,646,41,1,1,3,0.073171,0.073171,False,"For an 847-meter span, cables that are too shallow result in excessive vertical forces requiring larger deck sections to resist bending, while cables that are too steep increase the horizontal thrust on the deck and require a taller, heavier pylon."
31,topic_2,271adb0d-2a83-460b-8fdc-89846e58b4a7,15,assistant,647,891,39,3,2,7,0.179487,0.179487,False,"The optimal height typically ranges from 1.1 to 1.2 times the main span length for high-pylon configurations, or roughly half the span for half-hoge configurations, balancing the vertical load support against the structural cost of the tower. ("
31,topic_2,271adb0d-2a83-460b-8fdc-89846e58b4a7,15,assistant,909,1058,21,1,0,1,0.047619,0.047619,False,"**Cable Geometry and Load Distribution:** The arrangement of cables (fan, harp, or hybrid) directly dictates the pylon's internal force distribution."
31,topic_2,271adb0d-2a83-460b-8fdc-89846e58b4a7,15,assistant,1361,1515,25,1,0,1,0.040000,0.040000,False,The geometry must ensure that the resultant force vector from all cables passes close to the pylon's neutral axis to minimize secondary bending moments. (
31,topic_2,271adb0d-2a83-460b-8fdc-89846e58b4a7,15,assistant,1756,1902,24,1,1,3,0.125000,0.125000,False,"For an 847-meter span, the pylon is exposed to significant wind loads; therefore, the cross-section must have a low aerodynamic force coefficient."
31,topic_2,271adb0d-2a83-460b-8fdc-89846e58b4a7,15,assistant,2414,2540,18,1,1,3,0.166667,0.166667,False,"For S460ML steel, box sections with stiffeners are common to achieve high slenderness ratios without excessive material usage."
31,topic_2,271adb0d-2a83-460b-8fdc-89846e58b4a7,15,assistant,2967,3075,13,1,0,1,0.076923,0.076923,False,Complex shapes with significant inclination may require temporary supports or specialized lifting equipment.
31,topic_2,271adb0d-2a83-460b-8fdc-89846e58b4a7,15,assistant,3530,3713,28,2,1,4,0.142857,0.142857,False,"Dr. Bekova’s team must balance the structural requirements with the desired visual lightness or strength, ensuring the pylon geometry complements the 847-meter span's visual rhythm. ("
31,topic_2,2c44d362-361f-4f19-842d-26702e524a90,16,user,6,226,31,1,0,1,0.032258,0.048387,False,"Explain the full methodology for conducting a wind tunnel testing program for Halcyon Crossing, from sectional model testing through full aeroelastic model testing, including what results would trigger a design revision."
31,topic_2,2c44d362-361f-4f19-842d-26702e524a90,16,assistant,241,376,21,0,1,2,0.095238,0.095238,False,**Sectional Model Testing (Phase 1):** The program begins with rigid or flexible sectional model tests in a boundary layer wind tunnel.
31,topic_2,2c44d362-361f-4f19-842d-26702e524a90,16,assistant,477,663,25,0,4,8,0.320000,0.320000,True,"The primary objective is to determine static aerodynamic forces (drag, lift, and moment coefficients) and aeroelastic derivatives (flutter derivatives like $H_1^*, A_2^*, P_1^*, A_3^*$)."
31,topic_2,2c44d362-361f-4f19-842d-26702e524a90,16,assistant,899,1113,35,2,2,6,0.171429,0.171429,False,"A design revision is triggered if the critical flutter speed ($V_{cr}$) is less than 1.3–1.5 times the maximum design wind speed, or if static divergence occurs at wind speeds lower than the serviceability limit. ("
31,topic_2,2c44d362-361f-4f19-842d-26702e524a90,16,assistant,1131,1366,37,1,2,5,0.135135,0.135135,False,"**Full Aeroelastic Model Testing (Phase 2):** Following sectional tests, a scaled-down, fully suspended aeroelastic model of the entire 847-meter span, including pylons, deck, and stay cables, is tested in a large open-jet wind tunnel."
31,topic_2,2c44d362-361f-4f19-842d-26702e524a90,16,assistant,2365,2543,28,1,0,1,0.035714,0.035714,False,The goal is to identify the wind speed range where RWIV occurs and to verify that the selected dampers or surface treatments suppress oscillation amplitudes to acceptable levels.
31,topic_2,2c44d362-361f-4f19-842d-26702e524a90,16,assistant,2544,2759,34,1,0,1,0.029412,0.029412,False,"A design revision is triggered if the RWIV amplitude exceeds the fatigue endurance limit of the cable strands, or if the mitigation devices themselves induce excessive drag or interfere with the main deck airflow. ("
31,topic_2,2c44d362-361f-4f19-842d-26702e524a90,16,assistant,3285,3556,41,1,2,5,0.121951,0.121951,False,"A design revision is triggered if the calculated buffeting accelerations exceed the serviceability limits for human comfort (typically 0.15–0.25 m/s² for the deck), or if the peak buffeting stresses approach the material yield limits when combined with mean wind loads. ("
31,topic_2,2c44d362-361f-4f19-842d-26702e524a90,16,assistant,3574,3752,27,1,0,1,0.037037,0.037037,False,"**Pylon and Deck Wake Interference Testing:** Special attention is given to the aerodynamic interference between the pylons and the deck, as well as between adjacent stay cables."
31,topic_2,d8a08467-0e6c-4271-98ab-06b11e5e2a6f,17,user,6,215,35,3,1,5,0.142857,0.214286,False,"What are the traffic load models Dr. Anara Bekova's team would apply to Halcyon Crossing under current international bridge design standards, and how do they interact with the 92.4 metric ton axle load rating?"
31,topic_2,d8a08467-0e6c-4271-98ab-06b11e5e2a6f,17,assistant,231,422,31,3,6,15,0.483871,0.483871,True,"**Eurocode 1 (EN 1991-2) Traffic Load Model 1 (LM1):** Under Eurocode standards, LM1 consists of a tandem axle system representing a heavy goods vehicle combined with a distributed lane load."
31,topic_2,d8a08467-0e6c-4271-98ab-06b11e5e2a6f,17,assistant,423,636,39,4,5,14,0.358974,0.358974,True,"The standard tandem has a lead axle of 300 kN, a middle axle of 2x300 kN, and a rear axle of 2x300 kN. For Halcyon Crossing, this model is applied to simulate general traffic congestion and distributed live loads."
31,topic_2,d8a08467-0e6c-4271-98ab-06b11e5e2a6f,17,assistant,637,665,5,1,1,3,0.600000,0.600000,True,The 92.4 metric ton (approx.
31,topic_2,d8a08467-0e6c-4271-98ab-06b11e5e2a6f,17,assistant,666,955,49,2,4,10,0.204082,0.204082,False,"906 kN) axle rating exceeds the standard LM1 axle weights, so the team must superimpose the specific 92.4-ton axle load on the LM1 distribution or use it as a governing point load in critical local checks, ensuring the structure is not under-designed for extreme heavy vehicle crossings. ("
31,topic_2,d8a08467-0e6c-4271-98ab-06b11e5e2a6f,17,assistant,971,1145,29,3,2,7,0.241379,0.241379,False,"**AASHTO LRFD HL-93 Loading:** If US-based standards are considered, the HL-93 load model requires checking both a Design Truck and a Design Tandem, plus a uniform lane load."
31,topic_2,d8a08467-0e6c-4271-98ab-06b11e5e2a6f,17,assistant,1146,1206,13,3,3,9,0.692308,0.692308,True,"The Design Truck has axles of 25 kips, 35 kips, and 35 kips."
31,topic_2,d8a08467-0e6c-4271-98ab-06b11e5e2a6f,17,assistant,1207,1235,5,1,1,3,0.600000,0.600000,False,The 92.4 metric ton (approx.
31,topic_2,d8a08467-0e6c-4271-98ab-06b11e5e2a6f,17,assistant,1236,1312,11,2,1,4,0.363636,0.363636,True,204 kips) axle rating significantly surpasses the AASHTO Design Truck axles.
31,topic_2,d8a08467-0e6c-4271-98ab-06b11e5e2a6f,17,assistant,1313,1410,18,2,1,4,0.222222,0.222222,False,"Dr. Bekova’s team must treat the 92.4-ton axle as a ""Special Vehicle"" or ""Design Exception"" load."
31,topic_2,d8a08467-0e6c-4271-98ab-06b11e5e2a6f,17,assistant,1411,1660,38,2,2,6,0.157895,0.157895,False,"They will run the HL-93 loads for general code compliance but must perform separate, explicit structural verifications using the 92.4-ton axle to ensure local bearing capacities and connection strengths are not exceeded by this extreme point load. ("
31,topic_2,d8a08467-0e6c-4271-98ab-06b11e5e2a6f,17,assistant,1679,1895,33,1,1,3,0.090909,0.090909,False,"**Custom Heavy Vehicle Load Models:** Given the specific 92.4 metric ton rating, the team will likely define a custom load model representing the specific heavy industrial or military vehicles expected on the bridge."
31,topic_2,d8a08467-0e6c-4271-98ab-06b11e5e2a6f,17,assistant,1896,2035,21,1,1,3,0.142857,0.142857,False,"This model includes precise axle spacing, load distribution per axle (noting the 92.4-ton limit per axle), and braking/acceleration forces."
31,topic_2,d8a08467-0e6c-4271-98ab-06b11e5e2a6f,17,assistant,2036,2161,17,1,0,1,0.058824,0.058824,False,"This interacts with international standards by serving as the ""Accidental"" or ""Extreme"" variable action in load combinations."
31,topic_2,d8a08467-0e6c-4271-98ab-06b11e5e2a6f,17,assistant,2580,2664,13,1,1,3,0.230769,0.230769,False,The 92.4-ton axle load interacts with these by requiring careful placement analysis.
31,topic_2,d8a08467-0e6c-4271-98ab-06b11e5e2a6f,17,assistant,3043,3260,31,2,1,4,0.129032,0.129032,False,"**Dynamic Amplification Factor (DAF) Application:** All traffic load models, including the custom 92.4-ton axle, must be multiplied by a Dynamic Amplification Factor to account for impact effects from moving vehicles."
31,topic_2,d8a08467-0e6c-4271-98ab-06b11e5e2a6f,17,assistant,3261,3377,19,2,0,2,0.105263,0.105263,False,"Eurocode uses impact factors based on span length and load type, while AASHTO uses a similar dynamic load allowance."
31,topic_2,d8a08467-0e6c-4271-98ab-06b11e5e2a6f,17,assistant,3378,3494,19,2,1,4,0.210526,0.210526,False,"For the 92.4-ton axle, the DAF is critical because heavy vehicles at high speeds induce significant inertial forces."
31,topic_2,d8a08467-0e6c-4271-98ab-06b11e5e2a6f,17,assistant,3495,3746,40,3,1,5,0.125000,0.125000,False,"The team will apply a higher DAF to the extreme axle load compared to standard traffic to conservatively estimate peak stresses, ensuring the S460ML steel sections and cable connections can withstand the dynamic shock of such a massive rolling load. ("
31,topic_2,cf650025-d9be-4309-9cdc-1c4fa92ebeef,18,user,6,249,36,2,0,2,0.055556,0.083333,False,"Analyze the deck design options for a long-span cable-stayed bridge at Halcyon Crossing's scale — orthotropic steel deck versus concrete deck versus composite — from first principles of structural efficiency, weight, and long-term maintenance."
31,topic_2,cf650025-d9be-4309-9cdc-1c4fa92ebeef,18,assistant,265,448,28,3,0,3,0.107143,0.107143,False,"**Orthotropic Steel Deck (OSD):** From first principles, an OSD consists of steel plates acting as the top flange of a girder, supported by transverse ribs and longitudinal stringers."
31,topic_2,cf650025-d9be-4309-9cdc-1c4fa92ebeef,18,assistant,449,567,18,1,1,3,0.166667,0.166667,False,This design offers the highest structural efficiency for an 847-meter span because it significantly reduces dead load.
31,topic_2,cf650025-d9be-4309-9cdc-1c4fa92ebeef,18,assistant,568,772,37,1,1,3,0.081081,0.081081,False,"Minimizing dead load is critical in cable-stayed bridges, as it allows the stay cables to carry a higher proportion of the live load (the 92.4-metric-ton axle rating) and reduces the forces in the pylons."
31,topic_2,cf650025-d9be-4309-9cdc-1c4fa92ebeef,18,assistant,1466,1675,31,1,1,3,0.096774,0.096774,False,"For an 847-meter span, the increased dead load of a concrete deck would necessitate thicker pylons, heavier cables, and larger foundations, significantly increasing the overall project cost and material usage."
31,topic_2,cf650025-d9be-4309-9cdc-1c4fa92ebeef,18,assistant,1886,1991,14,1,2,5,0.357143,0.357143,True,The weight penalty often makes this option structurally inefficient for spans exceeding 600–700 meters. (
31,topic_2,cf650025-d9be-4309-9cdc-1c4fa92ebeef,18,assistant,2008,2184,28,1,0,1,0.035714,0.035714,False,"**Composite Deck (Steel Girders with Concrete Slab):** A composite deck combines a steel orthotropic or box girder with a cast-in-place concrete slab, connected by shear studs."
31,topic_2,cf650025-d9be-4309-9cdc-1c4fa92ebeef,18,assistant,2524,2667,22,1,0,1,0.045455,0.045455,False,This option improves fatigue performance compared to a pure OSD because the concrete protects the steel from direct traffic wear and corrosion.
31,topic_2,cf650025-d9be-4309-9cdc-1c4fa92ebeef,18,assistant,2668,2783,18,1,0,1,0.055556,0.055556,False,"However, it is heavier than an OSD and requires careful detailing to prevent delamination at the shear connections."
31,topic_2,cf650025-d9be-4309-9cdc-1c4fa92ebeef,18,assistant,2940,3197,39,2,1,4,0.102564,0.102564,False,"**Structural Efficiency and Weight Comparison:** For Halcyon Crossing's 847-meter span, the orthotropic steel deck provides the best structural efficiency due to its low weight-to-strength ratio, allowing for a slimmer deck profile and reduced cable forces."
31,topic_2,cf650025-d9be-4309-9cdc-1c4fa92ebeef,18,assistant,3555,3691,23,2,0,2,0.086957,0.086957,False,Dr. Bekova’s team must weigh the initial capital cost and dead load savings of the OSD against the higher lifecycle maintenance costs. (
31,topic_2,cf650025-d9be-4309-9cdc-1c4fa92ebeef,18,assistant,3710,4000,39,3,5,13,0.333333,0.333333,True,"**Long-Term Maintenance Considerations:** The orthotropic steel deck requires the most intensive maintenance, including periodic grinding to remove fatigue cracks, repainting every 10–15 years, and potential replacement of wearing surfaces every 15–20 years under heavy 92.4-ton axle loads."
31,topic_2,4d51dcb4-3d2b-4c90-ac9c-5b4f1213ce07,19,user,6,213,29,1,0,1,0.034483,0.051724,False,"Walk me through the full geotechnical investigation program that would be required for a bridge of Halcyon Crossing's scale, from preliminary site investigation through foundation design parameter selection."
31,topic_2,4d51dcb4-3d2b-4c90-ac9c-5b4f1213ce07,19,assistant,229,462,30,1,0,1,0.033333,0.033333,False,"**Preliminary Desk Study and Regional Geological Mapping:** The investigation begins with a comprehensive review of existing geological data, historical topographic maps, and regional seismicity records for the Halcyon Crossing site."
31,topic_2,4d51dcb4-3d2b-4c90-ac9c-5b4f1213ce07,19,assistant,803,1065,35,1,2,5,0.142857,0.142857,False,"**Subsurface Exploration and Borehole Drilling:** A series of deep boreholes (typically extending 20–50 meters below the proposed foundation level) are drilled at critical locations, including the pylon foundations, deck abutments, and mid-span cable anchorages."
31,topic_2,4d51dcb4-3d2b-4c90-ac9c-5b4f1213ce07,19,assistant,1066,1211,21,1,0,1,0.047619,0.047619,False,Standard Penetration Tests (SPT) and California Bearing Ratio (CBR) tests are conducted at regular intervals to assess soil density and strength.
31,topic_2,4d51dcb4-3d2b-4c90-ac9c-5b4f1213ce07,19,assistant,1212,1411,29,2,0,2,0.068966,0.068966,False,"In rock zones, core drilling (using HQ or NQ diameter cores) is performed to evaluate rock quality designation (RQD), jointing, and fracturing, which are critical for bearing capacity calculations. ("
31,topic_2,4d51dcb4-3d2b-4c90-ac9c-5b4f1213ce07,19,assistant,1430,1661,34,2,0,2,0.058824,0.058824,False,"**In-Situ Testing and Soil Sampling:** To complement borehole data, in-situ tests such as Cone Penetration Tests (CPT) and Pressuremeter Tests (PMT) are deployed to measure soil stiffness, friction, and stress history continuously."
31,topic_2,4d51dcb4-3d2b-4c90-ac9c-5b4f1213ce07,19,assistant,1921,2222,39,3,0,3,0.076923,0.076923,False,"**Laboratory Testing and Material Characterization:** Samples are subjected to triaxial compression tests, direct shear tests, and consolidation tests to determine key engineering properties: effective friction angle ($\phi'$), cohesion ($c'$), Young's modulus ($E$), and compressibility coefficients."
31,topic_2,4d51dcb4-3d2b-4c90-ac9c-5b4f1213ce07,19,assistant,2223,2312,13,1,0,1,0.076923,0.076923,False,"For rock samples, uniaxial compressive strength (UCS) and point load tests are performed."
31,topic_2,4d51dcb4-3d2b-4c90-ac9c-5b4f1213ce07,19,assistant,2313,2556,33,2,1,4,0.121212,0.121212,False,"Chemical analysis is also conducted to assess the corrosivity of the soil and groundwater (e.g., pH, sulfates, chlorides), which directly impacts the concrete cover and steel reinforcement specifications for the S460ML foundation structures. ("
31,topic_2,4d51dcb4-3d2b-4c90-ac9c-5b4f1213ce07,19,assistant,2572,2762,26,1,0,1,0.038462,0.038462,False,**Groundwater Investigation and Hydrogeological Monitoring:** Piezometers are installed in the boreholes to monitor groundwater levels and flow directions over a period of at least one year.
31,topic_2,4d51dcb4-3d2b-4c90-ac9c-5b4f1213ce07,19,assistant,3097,3345,37,1,2,5,0.135135,0.135135,False,"**Seismic Geotechnical Analysis:** Given the seismic design requirements, shear wave velocity profiling (e.g., using downhole or cross-hole seismic tests) is conducted to determine the site's Vs30 (average shear wave velocity in the top 30 meters)."
31,topic_2,4d51dcb4-3d2b-4c90-ac9c-5b4f1213ce07,19,assistant,3446,3677,31,1,0,1,0.032258,0.032258,False,"Additionally, cyclic triaxial tests are performed on soil samples to assess liquefaction potential, ensuring that the foundations are designed to mitigate risks of soil liquefaction during the Maximum Considered Earthquake (MCE). ("
31,topic_2,4d51dcb4-3d2b-4c90-ac9c-5b4f1213ce07,19,assistant,4374,4602,29,1,0,1,0.034483,0.034483,False,"Implementing this rigorous geotechnical program ensures that the foundation design for Halcyon Crossing is based on accurate subsurface data, minimizing unforeseen ground conditions and ensuring long-term structural stability. ("
31,topic_2,f62487d4-2a32-48fd-b7e5-96a930a564e1,20,user,6,241,38,4,3,10,0.263158,0.394737,True,"What are all the international standards and codes that apply to a cable-stayed bridge of Halcyon Crossing's specification — 847-meter span, S460ML steel, 92.4 metric ton axle load — and how do they interact when requirements conflict?"
31,topic_2,f62487d4-2a32-48fd-b7e5-96a930a564e1,20,assistant,257,409,21,4,3,10,0.476190,0.476190,True,"**Eurocode Series (EN 1990–1999):** As Halcyon Crossing utilizes S460ML steel and metric load ratings, the European Eurocodes are the primary framework."
31,topic_2,f62487d4-2a32-48fd-b7e5-96a930a564e1,20,assistant,418,506,12,2,1,4,0.333333,0.333333,True,**EN 1990 (Basis of Design):** Establishes limit state principles and load combinations.
31,topic_2,f62487d4-2a32-48fd-b7e5-96a930a564e1,20,assistant,515,636,19,3,3,9,0.473684,0.473684,True,"**EN 1991 (Actions on Structures):** Defines traffic loads (Vehicle Load Model 1 and 2), wind loads, and thermal actions."
31,topic_2,f62487d4-2a32-48fd-b7e5-96a930a564e1,20,assistant,637,827,27,4,2,8,0.296296,0.296296,True,"The 92.4 metric ton axle load exceeds standard HL-93 or standard Eurocode truck models, requiring a specific ""Special Vehicle Load"" assessment per national annexes or project specifications."
31,topic_2,f62487d4-2a32-48fd-b7e5-96a930a564e1,20,assistant,836,947,19,2,4,10,0.526316,0.526316,True,**EN 1993 (Design of Steel Structures):** Specifically Part 1-1 for general rules and Part 2 for steel bridges.
31,topic_2,f62487d4-2a32-48fd-b7e5-96a930a564e1,20,assistant,948,1116,22,1,1,3,0.136364,0.136364,False,"This code governs the design of S460ML components, including buckling resistance, fatigue verification (Category of detail vs. stress range), and serviceability limits."
31,topic_2,f62487d4-2a32-48fd-b7e5-96a930a564e1,20,assistant,1125,1222,11,1,1,3,0.272727,0.272727,False,**EN 1997 (Geotechnical Design):** Governs the foundation design parameters previously discussed.
31,topic_2,f62487d4-2a32-48fd-b7e5-96a930a564e1,20,assistant,1231,1385,19,2,1,4,0.210526,0.210526,False,**EN 1998 (Seismic Design):** Dictates the performance-based seismic analysis methods (Equivalent Static or Response Spectrum) and ductility requirements.
31,topic_2,f62487d4-2a32-48fd-b7e5-96a930a564e1,20,assistant,1391,1534,20,1,0,1,0.050000,0.050000,False,"**AASHTO LRFD Bridge Design Specifications (USA):** If the project has international stakeholders or funding, this is a key competing standard."
31,topic_2,f62487d4-2a32-48fd-b7e5-96a930a564e1,20,assistant,1543,1666,19,3,1,5,0.263158,0.263158,False,"It uses Load and Resistance Factor Design (LRFD), similar to Eurocodes, but with different load models (e.g., HL-93 truck)."
31,topic_2,f62487d4-2a32-48fd-b7e5-96a930a564e1,20,assistant,1675,1770,15,2,2,6,0.400000,0.400000,True,It has specific provisions for cable-stayed bridges (Chapter 5) and seismic design (Chapter 3).
31,topic_2,f62487d4-2a32-48fd-b7e5-96a930a564e1,20,assistant,1779,1955,23,2,1,4,0.173913,0.173913,False,"Conflict: AASHTO fatigue categories for welded details may differ from Eurocode detail categories, potentially leading to different life-predictions for the S460ML connections."
31,topic_2,f62487d4-2a32-48fd-b7e5-96a930a564e1,20,assistant,2218,2465,32,1,0,1,0.031250,0.031250,False,**IABSE Guidelines for Cable-Supported Bridges:** The International Association for Bridge and Structural Engineering provides specific technical guidelines for cable-stayed and suspension bridges that are not fully codified in national standards.
31,topic_2,f62487d4-2a32-48fd-b7e5-96a930a564e1,20,assistant,2733,2801,9,1,1,3,0.333333,0.333333,True,**ISO 15630:** Welding consumables for high-tensile strength steels.
31,topic_2,f62487d4-2a32-48fd-b7e5-96a930a564e1,20,assistant,2810,2876,9,0,1,2,0.222222,0.222222,False,**ISO 6935:** Definitions of welding procedures for steel bridges.
31,topic_2,f62487d4-2a32-48fd-b7e5-96a930a564e1,20,assistant,2885,2963,10,1,1,3,0.300000,0.300000,True,These ensure the S460ML material properties are maintained during fabrication.
31,topic_2,f62487d4-2a32-48fd-b7e5-96a930a564e1,20,assistant,3021,3186,24,2,0,2,0.083333,0.083333,False,"Each country adopting Eurocodes has a National Annex that sets Nationally Determined Parameters (NDPs), such as partial safety factors, wind maps, and seismic zones."
31,topic_2,f62487d4-2a32-48fd-b7e5-96a930a564e1,20,assistant,3368,3530,21,1,0,1,0.047619,0.047619,False,"**Precedence Hierarchy:** The contract documents must establish a strict hierarchy (e.g., Project Specifications > National Code > Eurocode > General Guidelines)."
31,topic_2,f62487d4-2a32-48fd-b7e5-96a930a564e1,20,assistant,3539,3677,18,3,0,3,0.166667,0.166667,False,"**Performance-Based Approach:** When codes conflict (e.g., Eurocode vs. AASHTO fatigue limits), a performance-based analysis is conducted."
31,topic_2,f62487d4-2a32-48fd-b7e5-96a930a564e1,20,assistant,3749,3829,13,1,1,3,0.230769,0.230769,False,"**Load Model Harmonization:** The 92.4 metric ton axle load is a ""special load."""
31,topic_2,f62487d4-2a32-48fd-b7e5-96a930a564e1,20,assistant,3830,3891,10,2,1,4,0.400000,0.400000,True,Standard codes (like Eurocode's 12.5t axle) are insufficient.
31,topic_2,efe71b68-3491-4260-8c26-aee11a6b6464,21,user,6,212,35,2,2,6,0.171429,0.257143,False,Explain in detail how post-tensioning is used in cable-stayed bridge decks and what the design and construction implications are for a span of 847 meters under Dr. Anara Bekova's grade S460ML specification.
31,topic_2,efe71b68-3491-4260-8c26-aee11a6b6464,21,assistant,228,476,37,2,0,2,0.054054,0.054054,False,"**Function of Post-Tensioning in Steel Deck Boxes:** In a long-span cable-stayed bridge using an orthotropic steel deck (OSD) like Halcyon Crossing, longitudinal post-tensioning (PT) is critical for counteracting tensile stresses caused by bending."
31,topic_2,efe71b68-3491-4260-8c26-aee11a6b6464,21,assistant,477,615,21,2,2,6,0.285714,0.285714,False,"While the S460ML steel provides high yield strength, the extreme length (847 meters) creates significant positive moments in the mid-span."
31,topic_2,efe71b68-3491-4260-8c26-aee11a6b6464,21,assistant,957,1129,28,2,3,8,0.285714,0.285714,False,"**Material Interaction with S460ML:** The use of S460ML steel, which has a high yield strength of 460 MPa, allows for thinner plate sections compared to lower-grade steels."
31,topic_2,efe71b68-3491-4260-8c26-aee11a6b6464,21,assistant,1208,1383,28,1,1,3,0.107143,0.107143,False,The post-tensioning system must be designed to work synergistically with S460ML by ensuring that the pre-compression does not induce local buckling in the thin bottom flanges.
31,topic_2,efe71b68-3491-4260-8c26-aee11a6b6464,21,assistant,1384,1684,48,1,1,3,0.062500,0.062500,False,"The high strength of S460ML also means that the anchorage zones for the post-tensioning strands must be reinforced with heavy bearing plates and stiffeners, as the concentrated forces from the PT strands can easily exceed the local bearing capacity of the thin steel deck unless carefully detailed. ("
31,topic_2,efe71b68-3491-4260-8c26-aee11a6b6464,21,assistant,1703,1845,20,1,1,3,0.150000,0.150000,False,"**Construction Sequencing and Stage Analysis:** For an 847-meter span, the bridge is typically constructed using a balanced cantilever method."
31,topic_2,efe71b68-3491-4260-8c26-aee11a6b6464,21,assistant,1908,2075,27,1,1,3,0.111111,0.111111,False,"As each segment of the S460ML deck is welded into place, the post-tensioning strands are tensioned to match the theoretical stress profile for that construction stage."
31,topic_2,efe71b68-3491-4260-8c26-aee11a6b6464,21,assistant,2283,2429,24,1,1,3,0.125000,0.125000,False,The sequence must account for the creep and shrinkage of any concrete components (like pylons) and the relaxation of the S460ML steel over time. (
31,topic_2,efe71b68-3491-4260-8c26-aee11a6b6464,21,assistant,2446,2546,16,1,1,3,0.187500,0.187500,False,**Fatigue Life Extension:** The 92.4-metric-ton axle load imposes severe cyclic loading on the deck.
31,topic_2,efe71b68-3491-4260-8c26-aee11a6b6464,21,assistant,2878,3103,33,3,1,5,0.151515,0.151515,False,Dr. Bekova’s team must perform detailed fatigue analysis (S-N curve verification) to determine the optimal PT force that maximizes fatigue resistance without causing permanent deformation or buckling in the S460ML sections. (
31,topic_2,efe71b68-3491-4260-8c26-aee11a6b6464,21,assistant,3119,3259,21,1,1,3,0.142857,0.142857,False,**Anchorage and Duct Design Implications:** The design of the post-tensioning ducts and anchorages is complex in an S460ML orthotropic deck.
31,topic_2,efe71b68-3491-4260-8c26-aee11a6b6464,21,assistant,3527,3641,19,1,1,3,0.157895,0.157895,False,"Special attention must be paid to the ""deviation friction"" losses in the long ducts spanning the 847-meter length."
31,topic_2,efe71b68-3491-4260-8c26-aee11a6b6464,21,assistant,3642,3890,36,1,0,1,0.027778,0.027778,False,"High-density polyethylene (HDPE) ducts and grease-filled systems are often recommended to reduce friction and ensure uniform force distribution along the entire span, compensating for the long friction losses inherent in such a massive structure. ("
31,topic_2,efe71b68-3491-4260-8c26-aee11a6b6464,21,assistant,3909,3999,13,1,1,3,0.230769,0.230769,False,**Thermal Stress Management:** An 847-meter span is highly sensitive to thermal gradients.
31,topic_2,efe71b68-3491-4260-8c26-aee11a6b6464,21,assistant,4000,4080,11,1,1,3,0.272727,0.272727,False,The S460ML deck will expand and contract significantly with temperature changes.
31,topic_2,efe71b68-3491-4260-8c26-aee11a6b6464,21,assistant,4346,4593,35,1,1,3,0.085714,0.085714,False,"The design often includes external tendons or internal strands with adjustable anchorages to allow for retensioning or stress adjustment over the bridge's lifecycle, ensuring the S460ML deck remains within elastic limits despite thermal cycling. ("
31,topic_2,efe71b68-3491-4260-8c26-aee11a6b6464,21,assistant,4605,4787,21,2,1,4,0.190476,0.190476,False,"Implementing a carefully sequenced post-tensioning protocol tailored to S460ML properties ensures structural integrity, fatigue resistance, and serviceability for Halcyon Crossing. ("
31,topic_2,79c79f84-4946-4449-af5c-a6d87d5614f8,22,user,6,170,26,1,0,1,0.038462,0.057692,False,Compare and contrast in detail the structural behavior of single-plane versus double-plane cable arrangements for a cable-stayed bridge of Halcyon Crossing's scale.
31,topic_2,79c79f84-4946-4449-af5c-a6d87d5614f8,22,user,171,234,12,1,1,3,0.250000,0.375000,True,What does the 92.4 metric ton load rating imply for the choice?
31,topic_2,79c79f84-4946-4449-af5c-a6d87d5614f8,22,assistant,436,560,21,2,1,4,0.190476,0.190476,False,"For a span of 847 meters, the deck is susceptible to wind-induced torsional vibrations (such as flutter or vortex shedding)."
31,topic_2,79c79f84-4946-4449-af5c-a6d87d5614f8,22,assistant,1406,1561,24,1,1,3,0.125000,0.125000,False,"For a bridge supporting 92.4 metric ton axle loads, where a sudden cable failure could lead to catastrophic local deformation, this redundancy is critical."
31,topic_2,79c79f84-4946-4449-af5c-a6d87d5614f8,22,assistant,2142,2200,10,1,1,3,0.300000,0.300000,True,"For an 847-meter span, reducing dead load is advantageous."
31,topic_2,79c79f84-4946-4449-af5c-a6d87d5614f8,22,assistant,2612,2663,9,1,1,3,0.333333,0.333333,True,**Impact of the 92.4 Metric Ton Axle Load Rating:**
31,topic_2,79c79f84-4946-4449-af5c-a6d87d5614f8,22,assistant,2672,2812,21,1,1,3,0.142857,0.142857,False,**Cable Stress Amplitudes:** The 92.4 metric ton axle load creates significant variations in cable tension as vehicles move across the span.
31,topic_2,79c79f84-4946-4449-af5c-a6d87d5614f8,22,assistant,3279,3473,31,1,1,3,0.096774,0.096774,False,"In a single-plane system, the anchorage forces are concentrated in a narrower area of the deck, requiring heavy local stiffening and thicker steel plates (S460ML) to resist the bearing stresses."
31,topic_2,79c79f84-4946-4449-af5c-a6d87d5614f8,22,assistant,3852,4038,27,1,1,3,0.111111,0.111111,False,"The double-plane arrangement provides direct lateral restraint against these asymmetric loads, minimizing deck sway and ensuring better ride quality and safety for the 92.4-ton vehicles."
31,topic_2,79c79f84-4946-4449-af5c-a6d87d5614f8,22,assistant,4223,4460,35,3,2,7,0.200000,0.200000,False,"For Halcyon Crossing, given the extreme span of 847 meters and the heavy 92.4 metric ton axle loads, a double-plane cable arrangement is recommended to ensure adequate torsional stiffness, fatigue resistance, and structural redundancy. ("
31,topic_2,3cd03da9-0c7a-4bc7-a0f2-55f468f6e267,23,user,6,212,32,2,1,4,0.125000,0.187500,False,"What are the full requirements for expansion joint design in a bridge of Halcyon Crossing's length, and how do they interact with thermal, seismic, and traffic load combinations under S460ML specifications?"
31,topic_2,3cd03da9-0c7a-4bc7-a0f2-55f468f6e267,23,assistant,228,393,21,2,1,4,0.190476,0.190476,False,"**Thermal Movement Accommodation:** For an 847-meter span, Halcyon Crossing will experience significant axial expansion and contraction due to temperature gradients."
31,topic_2,3cd03da9-0c7a-4bc7-a0f2-55f468f6e267,23,assistant,394,638,33,1,1,3,0.090909,0.090909,False,"The expansion joints must be designed to accommodate the total calculated longitudinal movement, which includes uniform temperature changes, solar radiation gradients across the S460ML deck, and differential movement between the deck and pylon."
31,topic_2,3cd03da9-0c7a-4bc7-a0f2-55f468f6e267,23,assistant,639,857,32,1,2,5,0.156250,0.156250,False,"This typically requires multi-plate modular expansion joints capable of handling movements exceeding 1.0 to 1.5 meters, ensuring no structural restraint is induced that could overstress the stay cables or deck welds. ("
31,topic_2,3cd03da9-0c7a-4bc7-a0f2-55f468f6e267,23,assistant,874,1052,21,1,0,1,0.047619,0.047619,False,**Seismic Displacement and Rotation Capacity:** The joints must withstand extreme lateral and longitudinal displacements generated during the Maximum Considered Earthquake (MCE).
31,topic_2,3cd03da9-0c7a-4bc7-a0f2-55f468f6e267,23,assistant,1240,1412,24,1,1,3,0.125000,0.125000,False,"Failure to accommodate these movements could lead to joint failure, deck unseating, or water infiltration that compromises the S460ML steel connections beneath the joint. ("
31,topic_2,3cd03da9-0c7a-4bc7-a0f2-55f468f6e267,23,assistant,1429,1544,18,1,1,3,0.166667,0.166667,False,**Dynamic Traffic Load Resistance:** The joints must endure high-cycle fatigue from the 92.4-metric-ton axle loads.
31,topic_2,3cd03da9-0c7a-4bc7-a0f2-55f468f6e267,23,assistant,1688,1913,35,1,1,3,0.085714,0.085714,False,"The materials used in the joint (typically stainless steel or high-grade ductile iron) must match the durability and fatigue resistance of the S460ML deck to prevent premature wear, cracking, or detachment at the interface. ("
31,topic_2,3cd03da9-0c7a-4bc7-a0f2-55f468f6e267,23,assistant,2172,2291,19,1,1,3,0.157895,0.157895,False,This is critical for preserving the corrosion protection of the S460ML steel and the integrity of the seismic bearings.
31,topic_2,3cd03da9-0c7a-4bc7-a0f2-55f468f6e267,23,assistant,2495,2659,22,2,2,6,0.272727,0.272727,False,**Interface Detailing with S460ML Deck:** The connection between the expansion joint and the S460ML deck requires precise detailing to manage stress concentrations.
31,topic_2,3cd03da9-0c7a-4bc7-a0f2-55f468f6e267,23,assistant,3317,3495,29,2,1,4,0.137931,0.137931,False,Dr. Bekova’s team must ensure that the joint's design does not create inaccessible voids where debris and water could accumulate and accelerate corrosion of the S460ML members. (
31,topic_2,3cd03da9-0c7a-4bc7-a0f2-55f468f6e267,23,assistant,3507,3666,22,1,0,1,0.045455,0.045455,False,"These requirements ensure that Halcyon Crossing's expansion joints function reliably under the combined effects of thermal, seismic, and heavy traffic loads. ("
31,topic_2,d4e53f8d-2c03-431b-9188-0ec8c67ac98d,24,user,6,198,28,2,0,2,0.071429,0.107143,False,Walk me through the complete quality assurance and quality control framework that Dr. Anara Bekova's team would implement during construction of Halcyon Crossing's structural steel components.
31,topic_2,d4e53f8d-2c03-431b-9188-0ec8c67ac98d,24,assistant,213,433,28,3,0,3,0.107143,0.107143,False,"**Quality Management Plan (QMP) and Documentation Control:** The framework begins with the development of a comprehensive QMP specific to Halcyon Crossing, outlining all roles, responsibilities, and procedural workflows."
31,topic_2,d4e53f8d-2c03-431b-9188-0ec8c67ac98d,24,assistant,434,579,19,1,1,3,0.157895,0.157895,False,"This includes establishing strict document control for all fabrication drawings, weld procedures, and material certificates for the S460ML steel."
31,topic_2,d4e53f8d-2c03-431b-9188-0ec8c67ac98d,24,assistant,761,943,23,1,1,3,0.130435,0.130435,False,"**Incoming Material Inspection (Quality Control):** Upon delivery of S460ML steel plates, beams, and connections to the fabrication yard, rigorous incoming inspections are conducted."
31,topic_2,d4e53f8d-2c03-431b-9188-0ec8c67ac98d,24,assistant,944,1155,29,4,3,10,0.344828,0.344828,True,"This involves verifying mill certificates against the specified S460ML thresholds (yield strength ≥ 460 MPa, CEV ≤ 0.45%) and performing physical checks for surface defects, dimensional tolerances, and flatness."
31,topic_2,d4e53f8d-2c03-431b-9188-0ec8c67ac98d,24,assistant,1222,1349,19,1,0,1,0.052632,0.052632,False,Random sampling for chemical analysis and mechanical testing (tensile and Charpy V-notch) is performed to validate mill data. (
31,topic_2,d4e53f8d-2c03-431b-9188-0ec8c67ac98d,24,assistant,1364,1622,33,3,2,7,0.212121,0.212121,False,"**Welding Procedure Qualification (Quality Assurance):** Before any production welding begins, all Welding Procedure Specifications (WPS) must be qualified through Procedure Qualification Records (PQR) according to relevant codes (e.g., AWS D1.5 or EN 1090)."
31,topic_2,d4e53f8d-2c03-431b-9188-0ec8c67ac98d,24,assistant,1623,1799,26,2,1,4,0.153846,0.153846,False,"This ensures that the selected heat inputs, filler metals, and techniques are suitable for S460ML's high-strength properties and the ""M"" designation's weldability requirements."
31,topic_2,d4e53f8d-2c03-431b-9188-0ec8c67ac98d,24,assistant,1800,1937,20,1,0,1,0.050000,0.050000,False,"Certified Welding Inspectors (CWIs) and qualified welders are assigned to critical joints, such as pylon gussets and deck box sections. ("
31,topic_2,d4e53f8d-2c03-431b-9188-0ec8c67ac98d,24,assistant,1955,2154,26,1,0,1,0.038462,0.038462,False,"**In-Process Inspection and Non-Destructive Testing (Quality Control):** During fabrication, continuous visual inspection is conducted for joint fit-up, pre-heat temperatures, and welding parameters."
31,topic_2,d4e53f8d-2c03-431b-9188-0ec8c67ac98d,24,assistant,2155,2264,13,2,0,2,0.153846,0.153846,False,"Following fabrication, extensive Non-Destructive Testing (NDT) is applied to critical structural connections."
31,topic_2,d4e53f8d-2c03-431b-9188-0ec8c67ac98d,24,assistant,2265,2492,32,4,0,4,0.125000,0.125000,False,"This includes Ultrasonic Testing (UT) for volumetric defects in thick plate welds, Magnetic Particle Testing (MT) or Liquid Penetrant Testing (PT) for surface-breaking cracks, and Radiographic Testing (RT) where access permits."
31,topic_2,d4e53f8d-2c03-431b-9188-0ec8c67ac98d,24,assistant,2638,2843,26,1,0,1,0.038462,0.038462,False,"**Fit-Up, Erection, and Final Acceptance (Quality Assurance/Control Integration):** As components are transported to the site, pre-erection inspections verify dimensional accuracy and connection readiness."
31,topic_2,d4e53f8d-2c03-431b-9188-0ec8c67ac98d,24,assistant,3015,3212,33,3,1,5,0.151515,0.151515,False,"The final QA step involves a holistic review of all inspection reports, NDT results, and as-built surveys to ensure the constructed steel structure matches the design intent for the 847-meter span."
31,topic_2,d4e53f8d-2c03-431b-9188-0ec8c67ac98d,24,assistant,3213,3355,21,1,0,1,0.047619,0.047619,False,"A final sign-off by the lead structural engineer, Dr. Anara Bekova, confirms compliance before concrete pouring or cable stressing proceeds. ("
31,topic_2,c8d94131-721c-4422-bd35-0546f0e3e19b,25,user,6,220,37,1,0,1,0.027027,0.040541,False,Analyze the long-term creep and shrinkage behavior of any concrete elements in a cable-stayed bridge of Halcyon Crossing's scale and how these time-dependent effects must be accounted for in the cable force design.
31,topic_2,c8d94131-721c-4422-bd35-0546f0e3e19b,25,assistant,236,496,39,3,2,7,0.179487,0.179487,False,"**Concrete Elements in Halcyon Crossing:** While the primary deck is steel (S460ML), a bridge of this scale (847-meter span) typically utilizes high-performance concrete for the pylons, abutments, and potentially a composite deck or pylon-deck connection caps."
31,topic_2,c8d94131-721c-4422-bd35-0546f0e3e19b,25,assistant,497,712,32,1,0,1,0.031250,0.031250,False,Dr. Anara Bekova’s team must account for creep (time-dependent deformation under sustained load) and shrinkage (time-dependent volume change due to moisture loss and chemical hydration) in these concrete components.
31,topic_2,c8d94131-721c-4422-bd35-0546f0e3e19b,25,assistant,1228,1442,38,4,2,8,0.210526,0.210526,False,Dr. Bekova’s team must model these effects using constitutive models (such as CEB-FIP MC 2010 or fib Model Code 2010) to predict the long-term deflection of the deck and the corresponding reduction in cable forces.
31,topic_2,c8d94131-721c-4422-bd35-0546f0e3e19b,25,assistant,2007,2110,16,1,0,1,0.062500,0.062500,False,Dr. Bekova’s team must design the reinforcement detailing to control crack width and ensure durability.
31,topic_2,c8d94131-721c-4422-bd35-0546f0e3e19b,25,assistant,2343,2473,17,1,0,1,0.058824,0.058824,False,"**Time-Dependent Analysis Methodology:** To accurately capture these effects, the team employs stage-wise time-dependent analysis."
31,topic_2,c8d94131-721c-4422-bd35-0546f0e3e19b,25,assistant,2474,2627,20,1,0,1,0.050000,0.050000,False,"This involves dividing the construction and service life into discrete time intervals (e.g., daily during construction, monthly/annually during service)."
31,topic_2,c8d94131-721c-4422-bd35-0546f0e3e19b,25,assistant,3425,3601,26,1,0,1,0.038462,0.038462,False,"Dr. Bekova’s team must calculate the magnitude of these losses based on the specific concrete mix design, environmental conditions (humidity and temperature), and load history."
31,topic_2,c8d94131-721c-4422-bd35-0546f0e3e19b,25,assistant,3955,4167,34,1,0,1,0.029412,0.029412,False,"Dr. Bekova’s team should implement a Structural Health Monitoring (SHM) system that includes strain gauges in the concrete pylons, displacement sensors at key deck locations, and load cells in a subset of cables."
31,topic_2,c8d94131-721c-4422-bd35-0546f0e3e19b,25,assistant,4253,4506,33,1,0,1,0.030303,0.030303,False,"If the observed deformations deviate significantly from the predictions, the team can adjust maintenance protocols or, in extreme cases, perform corrective cable retensioning to maintain the structural integrity and serviceability of Halcyon Crossing. ("
31,topic_2,fe0a8322-4407-4005-a9c8-768917b0fd4f,26,user,6,226,34,1,0,1,0.029412,0.044118,False,"What are all the environmental impact assessment requirements for a bridge project of Halcyon Crossing's scale in a coastal or marine setting, and how do they constrain the structural design and construction methodology?"
31,topic_2,fe0a8322-4407-4005-a9c8-768917b0fd4f,26,assistant,1375,1557,30,2,1,4,0.133333,0.133333,False,"**Visual and Landscape Impact:** For a bridge of Halcyon Crossing's scale (847m span), the visual intrusion on the coastal skyline and marine corridor is a major assessment category."
31,topic_2,fe0a8322-4407-4005-a9c8-768917b0fd4f,26,assistant,2894,3119,34,1,0,1,0.029412,0.029412,False,"**Cumulative Impact and Climate Resilience:** The EIA must consider the bridge's role in regional traffic patterns and its resilience to climate change effects like sea-level rise, increased storm surges, and coastal erosion."
31,topic_2,45523bb4-3880-4aea-8977-06d462205564,27,user,6,227,33,1,0,1,0.030303,0.045455,False,"Explain the full cable force tuning methodology for a cable-stayed bridge after construction — how are cable forces measured, adjusted, and documented to achieve the design geometry under Dr. Anara Bekova's specification?"
31,topic_2,45523bb4-3880-4aea-8977-06d462205564,27,assistant,644,842,31,2,0,2,0.064516,0.064516,False,This is often cross-verified using load cells at the anchorage points or hydraulic jack pressure readings during the final adjustment phase to ensure accuracy within Dr. Bekova’s tight tolerances. (
31,topic_2,45523bb4-3880-4aea-8977-06d462205564,27,assistant,858,1088,33,1,0,1,0.030303,0.030303,False,"**Comparison with Design Model:** The measured forces and corresponding deck geometry (measured via total station surveying or GNSS) are compared against the ""as-built"" finite element model (FEM) developed during the design phase."
31,topic_2,45523bb4-3880-4aea-8977-06d462205564,27,assistant,1232,1408,28,1,0,1,0.035714,0.035714,False,Dr. Bekova’s team analyzes the differences to determine the required force adjustments for each cable to bring the structure into its target design geometry and stress state. (
31,topic_2,45523bb4-3880-4aea-8977-06d462205564,27,assistant,1577,1708,21,1,0,1,0.047619,0.047619,False,This is a sequential and iterative process; adjusting one cable affects the forces in adjacent cables and the overall deck profile.
31,topic_2,45523bb4-3880-4aea-8977-06d462205564,27,assistant,1969,2220,38,2,2,6,0.157895,0.157895,False,"**Thermal and Temporal Compensation:** Since cable forces are highly sensitive to temperature, measurements and adjustments are often conducted during a specific temperature window or corrected to a standard reference temperature (e.g., 15°C or 20°C)."
31,topic_2,45523bb4-3880-4aea-8977-06d462205564,27,assistant,2513,2643,17,1,0,1,0.058824,0.058824,False,"**Documentation and Final Verification:** Once the target forces are achieved, a comprehensive ""Cable Tuning Report"" is generated."
31,topic_2,45523bb4-3880-4aea-8977-06d462205564,27,assistant,2821,3023,31,1,0,1,0.032258,0.032258,False,"This report is signed off by Dr. Anara Bekova to confirm that the bridge meets the specified structural integrity and geometric tolerances, serving as a baseline for future maintenance and monitoring. ("
31,topic_2,d99e89cd-952f-475a-8217-17f140810bdd,28,user,130,206,13,1,1,3,0.230769,0.346154,True,What does an 847-meter span imply for system design and energy requirements?
31,topic_2,d99e89cd-952f-475a-8217-17f140810bdd,28,assistant,222,401,27,1,0,1,0.037037,0.037037,False,**Silicone Grease Filling (Passive/Static Protection):** This is the most common method where the void space inside the cable sheath is filled with high-viscosity silicone grease.
31,topic_2,d99e89cd-952f-475a-8217-17f140810bdd,28,assistant,585,793,31,1,1,3,0.096774,0.096774,False,"For an 847-meter span, the sheer volume of grease required is massive, necessitating specialized high-pressure injection equipment and rigorous quality control during construction to ensure no voids are left."
31,topic_2,d99e89cd-952f-475a-8217-17f140810bdd,28,assistant,939,1149,31,1,0,1,0.032258,0.032258,False,**Active Dehumidification Systems (Mechanical Ventilation):** These systems use a fan and a desiccant (usually silica gel) or a condensation unit located at one end of the cable (typically the pylon anchorage).
31,topic_2,d99e89cd-952f-475a-8217-17f140810bdd,28,assistant,1274,1353,12,1,2,5,0.416667,0.416667,True,This actively maintains a low humidity environment (typically below 30-40% RH).
31,topic_2,d99e89cd-952f-475a-8217-17f140810bdd,28,assistant,1354,1494,20,1,0,1,0.050000,0.050000,False,"For Halcyon Crossing, this implies a continuous energy requirement for the fans and periodic replacement or regeneration of desiccant units."
31,topic_2,d99e89cd-952f-475a-8217-17f140810bdd,28,assistant,1676,1825,22,1,0,1,0.045455,0.045455,False,**Nitrogen Purge/Inert Gas Systems:** This method involves sealing the cable and maintaining a slight positive pressure of inert nitrogen gas inside.
31,topic_2,d99e89cd-952f-475a-8217-17f140810bdd,28,assistant,1948,2123,25,1,1,3,0.120000,0.120000,False,"For an 847-meter span, the system requires a reliable nitrogen source (tank refills or on-site generator), pressure monitoring sensors, and automatic replenishment mechanisms."
31,topic_2,d99e89cd-952f-475a-8217-17f140810bdd,28,assistant,2227,2338,17,1,0,1,0.058824,0.058824,False,"It is often reserved for critical, high-value cables where zero-moisture ingress is the absolute requirement. ("
31,topic_2,d99e89cd-952f-475a-8217-17f140810bdd,28,assistant,2641,2792,23,2,1,4,0.173913,0.173913,False,"For a span of 847 meters, this increases the initial fabrication complexity and cost but reduces the lifecycle risk associated with mechanical failure."
31,topic_2,d99e89cd-952f-475a-8217-17f140810bdd,28,assistant,2890,2946,9,1,1,3,0.333333,0.333333,True,**Implications of an 847-Meter Span for System Design:**
31,topic_2,d99e89cd-952f-475a-8217-17f140810bdd,28,assistant,2955,3039,14,1,2,5,0.357143,0.357143,True,**Scale of Components:** The length of the longest cables can exceed 400-500 meters.
31,topic_2,d99e89cd-952f-475a-8217-17f140810bdd,28,assistant,3495,3702,34,1,2,5,0.147059,0.147059,False,**Energy Consumption:** An active system for every cable in a fan or harp arrangement (potentially 40-60+ cables per side) results in a substantial cumulative energy load for the bridge's operational budget.
31,topic_2,d99e89cd-952f-475a-8217-17f140810bdd,28,assistant,3921,4062,20,1,0,1,0.050000,0.050000,False,Systems must be designed with remote monitoring (IoT humidity sensors) to allow for condition-based maintenance rather than scheduled visits.
31,topic_2,d99e89cd-952f-475a-8217-17f140810bdd,28,assistant,4356,4620,42,1,0,1,0.023810,0.023810,False,"Dr. Anara Bekova's team must weigh the higher initial cost and energy demands of active systems against the superior long-term reliability and lower inspection complexity, likely opting for a hybrid or active system with remote monitoring for the longest cables. ("
31,topic_2,ac6aed73-d15b-418c-b028-5c57e4bc746b,29,user,6,212,33,3,2,7,0.212121,0.318182,True,"What are the full fire safety and emergency response design requirements for Halcyon Crossing, and how do these interact with the structural steel specification of S460ML at the 92.4 metric ton load rating?"
31,topic_2,ac6aed73-d15b-418c-b028-5c57e4bc746b,29,assistant,228,539,45,5,5,15,0.333333,0.333333,True,"**Structural Fire Resistance and Steel Degradation:** For Halcyon Crossing, the S460ML steel specification requires rigorous fire protection because structural steel loses significant strength at elevated temperatures (typically retaining only 50-60% of yield strength at 500°C and failing rapidly above 600°C)."
31,topic_2,ac6aed73-d15b-418c-b028-5c57e4bc746b,29,assistant,540,831,44,1,1,3,0.068182,0.068182,False,"Given the 92.4 metric ton load rating, the structural members are already optimized for size and weight; therefore, passive fire protection (such as intumescent coatings or fire-resistive concrete encasement for the pylons) is mandatory to maintain load-bearing capacity during a fire event."
31,topic_2,ac6aed73-d15b-418c-b028-5c57e4bc746b,29,assistant,832,961,20,1,1,3,0.150000,0.150000,False,The design must ensure a 2-hour fire resistance rating for critical pylon and deck connections to prevent progressive collapse. (
31,topic_2,ac6aed73-d15b-418c-b028-5c57e4bc746b,29,assistant,978,1085,13,1,1,3,0.230769,0.230769,False,**Emergency Access and Escape Routes:** The 847-meter span necessitates dedicated emergency infrastructure.
31,topic_2,ac6aed73-d15b-418c-b028-5c57e4bc746b,29,assistant,1336,1531,26,1,1,3,0.115385,0.115385,False,"The bridge deck must feature clearly marked, illuminated emergency walkways protected from traffic lanes, with refuge areas equipped with ventilation and communication devices every 200 meters. ("
31,topic_2,ac6aed73-d15b-418c-b028-5c57e4bc746b,29,assistant,2124,2265,23,0,2,4,0.173913,0.173913,False,**Interaction with 92.4 Metric Ton Load Rating and S460ML:** The high load rating implies that failure modes during a fire are more critical.
31,topic_2,ac6aed73-d15b-418c-b028-5c57e4bc746b,29,assistant,2266,2363,14,1,1,3,0.214286,0.214286,False,"If S460ML steel overheats, the reduction in modulus of elasticity leads to increased deflections."
31,topic_2,ac6aed73-d15b-418c-b028-5c57e4bc746b,29,assistant,2364,2500,21,1,1,3,0.142857,0.142857,False,"Under a 92.4-ton live load, these deflections could exceed serviceability limits or cause instability in the stay cable anchorage zones."
31,topic_2,ac6aed73-d15b-418c-b028-5c57e4bc746b,29,assistant,2732,2949,30,1,1,3,0.100000,0.100000,False,"**Emergency Response Coordination and Structural Stability:** The design must account for the weight and positioning of emergency response vehicles (fire trucks, ambulances) which contribute to the 92.4-ton axle load."
31,topic_2,ac6aed73-d15b-418c-b028-5c57e4bc746b,29,assistant,3350,3553,28,2,1,4,0.142857,0.142857,False,Implementing these fire safety and emergency response measures ensures the resilience of Halcyon Crossing's S460ML structure under extreme thermal events while maintaining safety for high-load traffic. (
31,topic_2,f65087bb-eb01-4178-b45d-bad88a54ba18,30,user,6,226,31,2,0,2,0.064516,0.096774,False,"Summarize the complete structural design philosophy for Halcyon Crossing as established across our discussion — key parameters, critical design decisions, and the primary risk factors Dr. Anara Bekova's team must manage."
31,topic_2,f65087bb-eb01-4178-b45d-bad88a54ba18,30,assistant,241,391,24,2,2,6,0.250000,0.250000,False,**Project Parameters and Material Selection:** Halcyon Crossing is an 847-meter long-span cable-stayed bridge with a 92.4 metric ton axle load rating.
31,topic_2,f65087bb-eb01-4178-b45d-bad88a54ba18,30,assistant,392,628,34,2,2,6,0.176471,0.176471,False,"The primary structural steel specified is S460ML, chosen for its high yield strength (≥ 460 MPa), excellent weldability (""M""), and low-temperature toughness (""L""), which minimizes self-weight and ensures ductility under dynamic loads. ("
31,topic_2,f65087bb-eb01-4178-b45d-bad88a54ba18,30,assistant,1343,1461,17,1,1,3,0.176471,0.176471,False,"This accounts for geometric nonlinearity in cables, moving load effects (92.4-ton axles), and stochastic wind loading."
31,topic_2,f65087bb-eb01-4178-b45d-bad88a54ba18,30,assistant,1462,1628,24,1,1,3,0.125000,0.125000,False,"Load combinations strictly follow engineering codes to ensure that combined stresses from dead, live, wind, and thermal loads do not exceed S460ML allowable limits. ("
31,topic_2,f65087bb-eb01-4178-b45d-bad88a54ba18,30,assistant,1646,1806,21,1,0,1,0.047619,0.047619,False,**Seismic Resilience and Capacity Design:** The design adheres to a capacity-based philosophy targeting life safety during Maximum Considered Earthquakes (MCE).
31,topic_2,f65087bb-eb01-4178-b45d-bad88a54ba18,30,assistant,2368,2594,30,1,0,1,0.033333,0.033333,False,"This includes initial ultrasonic testing, routine drone/ROV inspections with acoustic emission sensors, and real-time strain monitoring, with replacement criteria triggered by specific strand loss or fatigue life thresholds. ("
31,topic_2,f65087bb-eb01-4178-b45d-bad88a54ba18,30,assistant,3103,3325,33,2,0,2,0.060606,0.060606,False,"Dr. Anara Bekova's team must rigorously manage the interplay between high aerodynamic sensitivity, cyclic fatigue in the cable system, and seismic ductility demands to ensure the safety and longevity of Halcyon Crossing. ("
