configuration_id,arm,D,m,candidate_count,candidate_serialized_chars_rank_order,candidate_individual_episode_chars_sum,selected_episode_count,delivered_chars,skipped_episode_count,skipped_individual_episode_chars,candidate_fact_count,packed_fact_count,facts_per_candidate,facts_per_selected_episode,facts_per_10000_delivered_chars,candidate_sha256,selected_sha256,payload_sha256
A0_D0_m3,A0,0,3,3,2080,2026,3,2080,0,0,0,0,0.0,0.0,0.0,7d99cd7ec5d8e2375c2f06a1be1b9f247913388dc5f83a3ba49b72e7056135e4,7d99cd7ec5d8e2375c2f06a1be1b9f247913388dc5f83a3ba49b72e7056135e4,eab9b013844387ee04c0b122d19698c7895b0490defa2d703d93aeae79f2a8e1
A1_D0_m3,A1,0,3,3,2080,2026,3,2080,0,0,0,0,0.0,0.0,0.0,7d99cd7ec5d8e2375c2f06a1be1b9f247913388dc5f83a3ba49b72e7056135e4,7d99cd7ec5d8e2375c2f06a1be1b9f247913388dc5f83a3ba49b72e7056135e4,eab9b013844387ee04c0b122d19698c7895b0490defa2d703d93aeae79f2a8e1
A2_D0_m3,A2,0,3,3,2080,2026,3,2080,0,0,0,0,0.0,0.0,0.0,7d99cd7ec5d8e2375c2f06a1be1b9f247913388dc5f83a3ba49b72e7056135e4,7d99cd7ec5d8e2375c2f06a1be1b9f247913388dc5f83a3ba49b72e7056135e4,eab9b013844387ee04c0b122d19698c7895b0490defa2d703d93aeae79f2a8e1
A0_D0_m5,A0,0,5,5,6890,6834,5,6890,0,0,3,3,0.6,0.6,4.354136429608127,98cf0dba673e127b7647fcfb029bb461a9da1949b28095dfacc4393648659721,98cf0dba673e127b7647fcfb029bb461a9da1949b28095dfacc4393648659721,e3230b063233e7fd87aa25ce1ef18443ac115d9f7cb3ade33ae95bc490072d67
A1_D0_m5,A1,0,5,5,6890,6834,5,6890,0,0,3,3,0.6,0.6,4.354136429608127,98cf0dba673e127b7647fcfb029bb461a9da1949b28095dfacc4393648659721,98cf0dba673e127b7647fcfb029bb461a9da1949b28095dfacc4393648659721,e3230b063233e7fd87aa25ce1ef18443ac115d9f7cb3ade33ae95bc490072d67
A2_D0_m5,A2,0,5,5,6890,6834,5,6890,0,0,3,3,0.6,0.6,4.354136429608127,98cf0dba673e127b7647fcfb029bb461a9da1949b28095dfacc4393648659721,98cf0dba673e127b7647fcfb029bb461a9da1949b28095dfacc4393648659721,e3230b063233e7fd87aa25ce1ef18443ac115d9f7cb3ade33ae95bc490072d67
A0_D1_m3,A0,1,3,6,11315,11258,6,11315,0,0,3,3,0.5,0.5,2.6513477684489617,df20dcf8afb6e4836a2aba0bd51d1a96fd5f81bbf0e40c18e424fa46d4e094d6,df20dcf8afb6e4836a2aba0bd51d1a96fd5f81bbf0e40c18e424fa46d4e094d6,29b5b7e678707a7f3edeba958bf9ceae190bf0e790609b02ddee04a40cf623ba
A1_D1_m3,A1,1,3,6,11315,11258,6,11315,0,0,3,3,0.5,0.5,2.6513477684489617,6ecd1c13274f7f843670c33da664db3b17654fb9eee0c476d9344671208acf7d,6ecd1c13274f7f843670c33da664db3b17654fb9eee0c476d9344671208acf7d,0dfac88aff26dcdf9db7ee47017a214422f30624afe23b01641928b10385b886
A2_D1_m3,A2,1,3,6,6031,5974,6,6031,0,0,4,4,0.6666666666666666,0.6666666666666666,6.63239927043608,dab9ab1246ac8515c1cbc8bad40682b985ee7024c81ae28d4adde479ab02ae61,dab9ab1246ac8515c1cbc8bad40682b985ee7024c81ae28d4adde479ab02ae61,5df7bd064c3854bedebb1f3a81797cecff138bc9fc01adbb6f064ef4cc2a48c5
A0_D1_m5,A0,1,5,10,28957,28896,10,28957,0,0,7,7,0.7,0.7,2.417377490762165,135f1037b0203ff336da2d8834913023ec438ceacf41e4c51c3da7a6935f508b,135f1037b0203ff336da2d8834913023ec438ceacf41e4c51c3da7a6935f508b,cd40ac08f1d0a49544832a204c2099118e77b597a43a4cb1b00eca1d0959f3e3
A1_D1_m5,A1,1,5,10,23673,23612,10,23673,0,0,5,5,0.5,0.5,2.112110843577071,4b336f627912b3b896f3382ca9a9cd553ba509034d5b6bfe3fefcebe0fa30941,4b336f627912b3b896f3382ca9a9cd553ba509034d5b6bfe3fefcebe0fa30941,23c631fb32b71a58c5080bda93692a45b94abf8199782b493dcd7b659988820e
A2_D1_m5,A2,1,5,10,14296,14235,10,14296,0,0,5,5,0.5,0.5,3.4974818130945717,f735dfe80449ce3683df5d5b2c3f30b44f06e6768e13dbb210d98ce4d606a6ab,f735dfe80449ce3683df5d5b2c3f30b44f06e6768e13dbb210d98ce4d606a6ab,3db131a9bdf72b7528081f897313941c46e9f8d8e46b8e3b7cdd358f2d4dbb71
A0_D2_m3,A0,2,3,9,24485,24425,9,24485,0,0,4,4,0.4444444444444444,0.4444444444444444,1.6336532570961813,57fb08498b38561ee95af78dce4a5287e4ab65be2793497f8f6e6886e13fe17b,57fb08498b38561ee95af78dce4a5287e4ab65be2793497f8f6e6886e13fe17b,f7f6672811b7b5724936e1dd657e54eee4fc941a85b3593519d5baa581014dce
A1_D2_m3,A1,2,3,9,20673,20613,9,20673,0,0,5,5,0.5555555555555556,0.5555555555555556,2.4186136506554443,3516f14d1cf33c3561738bdb3af8b3fe824dcf866183cdfffc1cd1fdedcaa2d8,3516f14d1cf33c3561738bdb3af8b3fe824dcf866183cdfffc1cd1fdedcaa2d8,05d0813e0b3d2b0279a78ffcabbe6d59d0179a1d4ea190d5880dce5c8a0bcc60
A2_D2_m3,A2,2,3,9,9552,9492,9,9552,0,0,5,5,0.5555555555555556,0.5555555555555556,5.234505862646566,b8b60e0b7994bd2ab933a48fafe69c12d351cacb605491b4248206cfe1ddc163,b8b60e0b7994bd2ab933a48fafe69c12d351cacb605491b4248206cfe1ddc163,a7ad6a2be3a93d725989be45b28d76060dc8ab9f8daf6600ff5cfc5ba88521ef
A0_D2_m5,A0,2,5,15,42673,42607,11,31957,4,10712,9,7,0.6,0.6363636363636364,2.1904434083299433,335d5add0754a7277cd1ddb7c4f532c33951389e7a33ae8f56c2097023fa91b4,2bb88a0d89d763bd2260406cc9243550119e071c381195792c76014168efdefb,9ace52257c15c247bd7cc10894efd607113f7be29fe2e9d7a735997c5661143c
A1_D2_m5,A1,2,5,15,40162,40096,12,28562,3,11597,9,9,0.6,0.75,3.1510398431482387,5c5d42e6605bec56590f2443aea3dd66cd041f372a00ce65f36b9330d8d09c0b,9669d8d9e68600d8792c62770f1ffd6f9ef4a4eb8af83298ba5ac9b6a6247de6,42faccd7572afe4982959393f5e208746ea13d0eb74cb254324451595f732349
A2_D2_m5,A2,2,5,15,29987,29921,15,29987,0,0,5,5,0.3333333333333333,0.3333333333333333,1.6673892019875278,d6ffaa86024e5438b1bbb1dd293c19ff825f7c252eccdb86db522c044acc1388,d6ffaa86024e5438b1bbb1dd293c19ff825f7c252eccdb86db522c044acc1388,a4efd9028da3ca15fb69659090fcc5155350cf7dbf301983bc439e341a0ed954
A0_D3_m3,A0,3,3,12,35477,35414,11,31957,1,3519,9,7,0.75,0.6363636363636364,2.1904434083299433,5f9a1acc3fd1a96cd527067f5ce884d66177ec1cc606fec75f7ca0ed070b50f2,2bb88a0d89d763bd2260406cc9243550119e071c381195792c76014168efdefb,9ace52257c15c247bd7cc10894efd607113f7be29fe2e9d7a735997c5661143c
A1_D3_m3,A1,3,3,12,28995,28932,12,28995,0,0,6,6,0.5,0.5,2.0693222969477496,7f17987d19e65dd2e0a5e03d2484c0eb5a7459e06bd08e3e39426ef8aa953fc6,7f17987d19e65dd2e0a5e03d2484c0eb5a7459e06bd08e3e39426ef8aa953fc6,d5e3e50e5c35410049c074819469262fb1b9bbe3f57a13b7f7b86ee1cd1973a0
A2_D3_m3,A2,3,3,12,17123,17060,12,17123,0,0,5,5,0.4166666666666667,0.4166666666666667,2.920049056824155,5b3c0a355c4044c910867758bf549c73223d9091c6d8b71ecdeb10fd682244af,5b3c0a355c4044c910867758bf549c73223d9091c6d8b71ecdeb10fd682244af,8f49d94ed0538b9ed265eb52e8654b448d667d9aa05d94c64eefffcf2abb69ae
A0_D3_m5,A0,3,5,20,61771,61700,11,31957,9,29805,11,7,0.55,0.6363636363636364,2.1904434083299433,26764e6161ba654cae6e9229d460698084087d3981f8d579486223420f325e0e,2bb88a0d89d763bd2260406cc9243550119e071c381195792c76014168efdefb,9ace52257c15c247bd7cc10894efd607113f7be29fe2e9d7a735997c5661143c
A1_D3_m5,A1,3,5,20,58608,58537,12,29940,8,28660,13,9,0.65,0.75,3.006012024048096,983e667007f7acad389622f83048593c2f79719557ebc95670cc3bdbcbaa3d17,a740df25c07d7f97aa0fadf703eeb31b8fabfbe418d36dc774f63f8c2f4d0f05,bd4edeed1da84d10fd14a3067177b91a1c0e99db0665cd84144593d715960621
A2_D3_m5,A2,3,5,20,49394,49323,15,31117,5,18272,6,6,0.3,0.4,1.9282064466368867,115887e46c0b10455066607951b1cef8a002a9bbca45f4e1fd6e0d2851693ac5,6c3dd156ccd33d17553c76b86c767869d78374391575561c95b2016acbf5bf5c,c4418306770583e736e95b4e16b4d5b95181faea4c56fc21bedbabe21950c581
