turn,episode_id,episode_turn,topic,similarity,provenance,promoted_at_turn,trigger_type,triggered_filter
32,af43c28b-7b78-4974-9692-2df7f9841c39,8,topic_2,0.1452791839838028,ltm,31,weighted_threshold,
32,fec25c5d-4040-4223-b616-68d514c7dead,1,topic_2,0.13339723646640778,ltm,31,weighted_threshold,
32,7a0eef5e-3935-446e-97d6-a03272332a26,2,topic_2,0.12903378903865814,ltm,31,weighted_threshold,
32,6303c4c4-78ae-4045-b196-1d4b988eea8c,7,topic_2,0.11321558058261871,ltm,31,weighted_threshold,
32,b390f491-c377-4608-8e93-f25081699184,6,topic_2,0.11006635427474976,ltm,31,weighted_threshold,
33,fec25c5d-4040-4223-b616-68d514c7dead,1,topic_2,0.17559127509593964,ltm,31,weighted_threshold,
33,b390f491-c377-4608-8e93-f25081699184,6,topic_2,0.13084889948368073,ltm,31,weighted_threshold,
33,7a0eef5e-3935-446e-97d6-a03272332a26,2,topic_2,0.11848606914281845,ltm,31,weighted_threshold,
33,af43c28b-7b78-4974-9692-2df7f9841c39,8,topic_2,0.106782466173172,ltm,31,weighted_threshold,
33,0ece088e-ba78-4c86-97f2-8390983611a7,9,topic_2,0.08670929819345474,ltm,31,weighted_threshold,
34,af43c28b-7b78-4974-9692-2df7f9841c39,8,topic_2,0.15509222447872162,ltm,31,weighted_threshold,
34,7a0eef5e-3935-446e-97d6-a03272332a26,2,topic_2,0.14341706037521362,ltm,31,weighted_threshold,
34,fec25c5d-4040-4223-b616-68d514c7dead,1,topic_2,0.10146467387676239,ltm,31,weighted_threshold,
34,0ece088e-ba78-4c86-97f2-8390983611a7,9,topic_2,0.0980052575469017,ltm,31,weighted_threshold,
34,6303c4c4-78ae-4045-b196-1d4b988eea8c,7,topic_2,0.09332350641489029,ltm,31,weighted_threshold,
35,7a0eef5e-3935-446e-97d6-a03272332a26,2,topic_2,0.2311827391386032,ltm,31,weighted_threshold,
35,fec25c5d-4040-4223-b616-68d514c7dead,1,topic_2,0.1980973333120346,ltm,31,weighted_threshold,
35,af43c28b-7b78-4974-9692-2df7f9841c39,8,topic_2,0.16444475948810577,ltm,31,weighted_threshold,
35,b390f491-c377-4608-8e93-f25081699184,6,topic_2,0.12915542721748352,ltm,31,weighted_threshold,
35,6303c4c4-78ae-4045-b196-1d4b988eea8c,7,topic_2,0.12363768368959427,ltm,31,weighted_threshold,
36,af43c28b-7b78-4974-9692-2df7f9841c39,8,topic_2,0.16863717138767242,ltm,31,weighted_threshold,
36,09b7227e-2f2b-4051-b384-d280f8346642,3,topic_2,0.1643442064523697,ltm,31,weighted_threshold,
36,fec25c5d-4040-4223-b616-68d514c7dead,1,topic_2,0.16276302933692932,ltm,31,weighted_threshold,
36,dd856e5e-2766-452f-a930-6fe04e2301d6,5,topic_2,0.14468203485012054,ltm,31,weighted_threshold,
36,6303c4c4-78ae-4045-b196-1d4b988eea8c,7,topic_2,0.14243870973587036,ltm,31,weighted_threshold,
37,fec25c5d-4040-4223-b616-68d514c7dead,1,topic_2,0.22782784700393677,ltm,31,weighted_threshold,
37,7a0eef5e-3935-446e-97d6-a03272332a26,2,topic_2,0.20838144421577454,ltm,31,weighted_threshold,
37,6303c4c4-78ae-4045-b196-1d4b988eea8c,7,topic_2,0.17502285540103912,ltm,31,weighted_threshold,
37,09b7227e-2f2b-4051-b384-d280f8346642,3,topic_2,0.1670626997947693,ltm,31,weighted_threshold,
37,af43c28b-7b78-4974-9692-2df7f9841c39,8,topic_2,0.1600298136472702,ltm,31,weighted_threshold,
38,af43c28b-7b78-4974-9692-2df7f9841c39,8,topic_2,0.18883325159549713,ltm,31,weighted_threshold,
38,fec25c5d-4040-4223-b616-68d514c7dead,1,topic_2,0.1769041270017624,ltm,31,weighted_threshold,
38,7a0eef5e-3935-446e-97d6-a03272332a26,2,topic_2,0.16238094866275787,ltm,31,weighted_threshold,
38,b390f491-c377-4608-8e93-f25081699184,6,topic_2,0.10126455873250961,ltm,31,weighted_threshold,
38,0ece088e-ba78-4c86-97f2-8390983611a7,9,topic_2,0.09484447538852692,ltm,31,weighted_threshold,
39,fec25c5d-4040-4223-b616-68d514c7dead,1,topic_2,0.15221406519412994,ltm,31,weighted_threshold,
39,af43c28b-7b78-4974-9692-2df7f9841c39,8,topic_2,0.14240485429763794,ltm,31,weighted_threshold,
39,0ece088e-ba78-4c86-97f2-8390983611a7,9,topic_2,0.1363694816827774,ltm,31,weighted_threshold,
39,7a0eef5e-3935-446e-97d6-a03272332a26,2,topic_2,0.13361909985542297,ltm,31,weighted_threshold,
39,6303c4c4-78ae-4045-b196-1d4b988eea8c,7,topic_2,0.10568828880786896,ltm,31,weighted_threshold,
40,fec25c5d-4040-4223-b616-68d514c7dead,1,topic_2,0.2232295572757721,ltm,31,weighted_threshold,
40,09b7227e-2f2b-4051-b384-d280f8346642,3,topic_2,0.16593290865421295,ltm,31,weighted_threshold,
40,af43c28b-7b78-4974-9692-2df7f9841c39,8,topic_2,0.1651749312877655,ltm,31,weighted_threshold,
40,7a0eef5e-3935-446e-97d6-a03272332a26,2,topic_2,0.16435249149799347,ltm,31,weighted_threshold,
40,6303c4c4-78ae-4045-b196-1d4b988eea8c,7,topic_2,0.16164441406726837,ltm,31,weighted_threshold,
41,af43c28b-7b78-4974-9692-2df7f9841c39,8,topic_2,0.14952212572097778,ltm,31,weighted_threshold,
41,fec25c5d-4040-4223-b616-68d514c7dead,1,topic_2,0.13800430297851562,ltm,31,weighted_threshold,
41,7a0eef5e-3935-446e-97d6-a03272332a26,2,topic_2,0.12409630417823792,ltm,31,weighted_threshold,
41,09b7227e-2f2b-4051-b384-d280f8346642,3,topic_2,0.11782308667898178,ltm,31,weighted_threshold,
41,b390f491-c377-4608-8e93-f25081699184,6,topic_2,0.11148034036159515,ltm,31,weighted_threshold,
42,7a0eef5e-3935-446e-97d6-a03272332a26,2,topic_2,0.26234811544418335,ltm,31,weighted_threshold,
42,fec25c5d-4040-4223-b616-68d514c7dead,1,topic_2,0.21641787886619568,ltm,31,weighted_threshold,
42,09b7227e-2f2b-4051-b384-d280f8346642,3,topic_2,0.16360260546207428,ltm,31,weighted_threshold,
42,af43c28b-7b78-4974-9692-2df7f9841c39,8,topic_2,0.15245506167411804,ltm,31,weighted_threshold,
42,dd856e5e-2766-452f-a930-6fe04e2301d6,5,topic_2,0.09368188679218292,ltm,31,weighted_threshold,
43,fec25c5d-4040-4223-b616-68d514c7dead,1,topic_2,0.21851259469985962,ltm,31,weighted_threshold,
43,af43c28b-7b78-4974-9692-2df7f9841c39,8,topic_2,0.20656578242778778,ltm,31,weighted_threshold,
43,7a0eef5e-3935-446e-97d6-a03272332a26,2,topic_2,0.19966013729572296,ltm,31,weighted_threshold,
43,b390f491-c377-4608-8e93-f25081699184,6,topic_2,0.12564148008823395,ltm,31,weighted_threshold,
43,dd856e5e-2766-452f-a930-6fe04e2301d6,5,topic_2,0.12397288531064987,ltm,31,weighted_threshold,
44,af43c28b-7b78-4974-9692-2df7f9841c39,8,topic_2,0.12585122883319855,ltm,31,weighted_threshold,
44,6303c4c4-78ae-4045-b196-1d4b988eea8c,7,topic_2,0.09834294766187668,ltm,31,weighted_threshold,
44,fec25c5d-4040-4223-b616-68d514c7dead,1,topic_2,0.08339959383010864,ltm,31,weighted_threshold,
44,0ece088e-ba78-4c86-97f2-8390983611a7,9,topic_2,0.07991235703229904,ltm,31,weighted_threshold,
44,7a0eef5e-3935-446e-97d6-a03272332a26,2,topic_2,0.07836927473545074,ltm,31,weighted_threshold,
45,fec25c5d-4040-4223-b616-68d514c7dead,1,topic_2,0.2202734798192978,ltm,31,weighted_threshold,
45,af43c28b-7b78-4974-9692-2df7f9841c39,8,topic_2,0.1915198713541031,ltm,31,weighted_threshold,
45,b390f491-c377-4608-8e93-f25081699184,6,topic_2,0.17271672189235687,ltm,31,weighted_threshold,
45,7a0eef5e-3935-446e-97d6-a03272332a26,2,topic_2,0.16533879935741425,ltm,31,weighted_threshold,
45,09b7227e-2f2b-4051-b384-d280f8346642,3,topic_2,0.1333782970905304,ltm,31,weighted_threshold,
46,fec25c5d-4040-4223-b616-68d514c7dead,1,topic_2,0.17427730560302734,ltm,31,weighted_threshold,
46,af43c28b-7b78-4974-9692-2df7f9841c39,8,topic_2,0.15293174982070923,ltm,31,weighted_threshold,
46,6303c4c4-78ae-4045-b196-1d4b988eea8c,7,topic_2,0.12088026106357574,ltm,31,weighted_threshold,
46,b390f491-c377-4608-8e93-f25081699184,6,topic_2,0.1191893145442009,ltm,31,weighted_threshold,
46,7a0eef5e-3935-446e-97d6-a03272332a26,2,topic_2,0.11272253096103668,ltm,31,weighted_threshold,
47,fec25c5d-4040-4223-b616-68d514c7dead,1,topic_2,0.2997337579727173,ltm,31,weighted_threshold,
47,09b7227e-2f2b-4051-b384-d280f8346642,3,topic_2,0.25859197974205017,ltm,31,weighted_threshold,
47,7a0eef5e-3935-446e-97d6-a03272332a26,2,topic_2,0.25827133655548096,ltm,31,weighted_threshold,
47,6303c4c4-78ae-4045-b196-1d4b988eea8c,7,topic_2,0.20366795361042023,ltm,31,weighted_threshold,
47,af43c28b-7b78-4974-9692-2df7f9841c39,8,topic_2,0.18412689864635468,ltm,31,weighted_threshold,
48,af43c28b-7b78-4974-9692-2df7f9841c39,8,topic_2,0.21003246307373047,ltm,31,weighted_threshold,
48,fec25c5d-4040-4223-b616-68d514c7dead,1,topic_2,0.20127804577350616,ltm,31,weighted_threshold,
48,7a0eef5e-3935-446e-97d6-a03272332a26,2,topic_2,0.16989418864250183,ltm,31,weighted_threshold,
48,0ece088e-ba78-4c86-97f2-8390983611a7,9,topic_2,0.14255689084529877,ltm,31,weighted_threshold,
48,6303c4c4-78ae-4045-b196-1d4b988eea8c,7,topic_2,0.1396227926015854,ltm,31,weighted_threshold,
49,fec25c5d-4040-4223-b616-68d514c7dead,1,topic_2,0.2499101758003235,ltm,31,weighted_threshold,
49,af43c28b-7b78-4974-9692-2df7f9841c39,8,topic_2,0.21863040328025818,ltm,31,weighted_threshold,
49,7a0eef5e-3935-446e-97d6-a03272332a26,2,topic_2,0.19117265939712524,ltm,31,weighted_threshold,
49,b390f491-c377-4608-8e93-f25081699184,6,topic_2,0.1671939194202423,ltm,31,weighted_threshold,
49,dd856e5e-2766-452f-a930-6fe04e2301d6,5,topic_2,0.16534745693206787,ltm,31,weighted_threshold,
50,6303c4c4-78ae-4045-b196-1d4b988eea8c,7,topic_2,0.12161993235349655,ltm,31,weighted_threshold,
50,7a0eef5e-3935-446e-97d6-a03272332a26,2,topic_2,0.10833217203617096,ltm,31,weighted_threshold,
50,fec25c5d-4040-4223-b616-68d514c7dead,1,topic_2,0.09105490893125534,ltm,31,weighted_threshold,
50,b390f491-c377-4608-8e93-f25081699184,6,topic_2,0.08770601451396942,ltm,31,weighted_threshold,
50,dd856e5e-2766-452f-a930-6fe04e2301d6,5,topic_2,0.0804092288017273,ltm,31,weighted_threshold,
51,fec25c5d-4040-4223-b616-68d514c7dead,1,topic_2,0.17105981707572937,ltm,31,weighted_threshold,
51,af43c28b-7b78-4974-9692-2df7f9841c39,8,topic_2,0.16978615522384644,ltm,31,weighted_threshold,
51,7a0eef5e-3935-446e-97d6-a03272332a26,2,topic_2,0.11283955723047256,ltm,31,weighted_threshold,
51,b390f491-c377-4608-8e93-f25081699184,6,topic_2,0.08803864568471909,ltm,31,weighted_threshold,
51,6303c4c4-78ae-4045-b196-1d4b988eea8c,7,topic_2,0.08241485059261322,ltm,31,weighted_threshold,
52,fec25c5d-4040-4223-b616-68d514c7dead,1,topic_2,0.27235299348831177,ltm,31,weighted_threshold,
52,7a0eef5e-3935-446e-97d6-a03272332a26,2,topic_2,0.23456496000289917,ltm,31,weighted_threshold,
52,09b7227e-2f2b-4051-b384-d280f8346642,3,topic_2,0.1612679362297058,ltm,31,weighted_threshold,
52,6303c4c4-78ae-4045-b196-1d4b988eea8c,7,topic_2,0.15506964921951294,ltm,31,weighted_threshold,
52,af43c28b-7b78-4974-9692-2df7f9841c39,8,topic_2,0.1377684324979782,ltm,31,weighted_threshold,
53,7a0eef5e-3935-446e-97d6-a03272332a26,2,topic_2,0.23858070373535156,ltm,31,weighted_threshold,
53,fec25c5d-4040-4223-b616-68d514c7dead,1,topic_2,0.22331880033016205,ltm,31,weighted_threshold,
53,af43c28b-7b78-4974-9692-2df7f9841c39,8,topic_2,0.19641952216625214,ltm,31,weighted_threshold,
53,09b7227e-2f2b-4051-b384-d280f8346642,3,topic_2,0.13569127023220062,ltm,31,weighted_threshold,
53,6303c4c4-78ae-4045-b196-1d4b988eea8c,7,topic_2,0.134801983833313,ltm,31,weighted_threshold,
54,af43c28b-7b78-4974-9692-2df7f9841c39,8,topic_2,0.18135231733322144,ltm,31,weighted_threshold,
54,b390f491-c377-4608-8e93-f25081699184,6,topic_2,0.1542166918516159,ltm,31,weighted_threshold,
54,fec25c5d-4040-4223-b616-68d514c7dead,1,topic_2,0.14324459433555603,ltm,31,weighted_threshold,
54,09b7227e-2f2b-4051-b384-d280f8346642,3,topic_2,0.10998519510030746,ltm,31,weighted_threshold,
54,dd856e5e-2766-452f-a930-6fe04e2301d6,5,topic_2,0.10726078599691391,ltm,31,weighted_threshold,
55,09b7227e-2f2b-4051-b384-d280f8346642,3,topic_2,0.21836848556995392,ltm,31,weighted_threshold,
55,6303c4c4-78ae-4045-b196-1d4b988eea8c,7,topic_2,0.11886265128850937,ltm,31,weighted_threshold,
55,fec25c5d-4040-4223-b616-68d514c7dead,1,topic_2,0.09899391978979111,ltm,31,weighted_threshold,
55,0ece088e-ba78-4c86-97f2-8390983611a7,9,topic_2,0.08865277469158173,ltm,31,weighted_threshold,
55,7a0eef5e-3935-446e-97d6-a03272332a26,2,topic_2,0.07601556181907654,ltm,31,weighted_threshold,
56,fec25c5d-4040-4223-b616-68d514c7dead,1,topic_2,0.23081427812576294,ltm,31,weighted_threshold,
56,7a0eef5e-3935-446e-97d6-a03272332a26,2,topic_2,0.1994057446718216,ltm,31,weighted_threshold,
56,09b7227e-2f2b-4051-b384-d280f8346642,3,topic_2,0.18609805405139923,ltm,31,weighted_threshold,
56,6303c4c4-78ae-4045-b196-1d4b988eea8c,7,topic_2,0.16557230055332184,ltm,31,weighted_threshold,
56,af43c28b-7b78-4974-9692-2df7f9841c39,8,topic_2,0.15707947313785553,ltm,31,weighted_threshold,
57,fec25c5d-4040-4223-b616-68d514c7dead,1,topic_2,0.15424427390098572,ltm,31,weighted_threshold,
57,09b7227e-2f2b-4051-b384-d280f8346642,3,topic_2,0.13176031410694122,ltm,31,weighted_threshold,
57,7a0eef5e-3935-446e-97d6-a03272332a26,2,topic_2,0.12699565291404724,ltm,31,weighted_threshold,
57,0ece088e-ba78-4c86-97f2-8390983611a7,9,topic_2,0.11926683038473129,ltm,31,weighted_threshold,
57,6303c4c4-78ae-4045-b196-1d4b988eea8c,7,topic_2,0.11254984885454178,ltm,31,weighted_threshold,
58,6303c4c4-78ae-4045-b196-1d4b988eea8c,7,topic_2,0.14568591117858887,ltm,31,weighted_threshold,
58,fec25c5d-4040-4223-b616-68d514c7dead,1,topic_2,0.14281614124774933,ltm,31,weighted_threshold,
58,0ece088e-ba78-4c86-97f2-8390983611a7,9,topic_2,0.1270759403705597,ltm,31,weighted_threshold,
58,b390f491-c377-4608-8e93-f25081699184,6,topic_2,0.11994844675064087,ltm,31,weighted_threshold,
58,7a0eef5e-3935-446e-97d6-a03272332a26,2,topic_2,0.11517374962568283,ltm,31,weighted_threshold,
59,09b7227e-2f2b-4051-b384-d280f8346642,3,topic_2,0.20770329236984253,ltm,31,weighted_threshold,
59,7a0eef5e-3935-446e-97d6-a03272332a26,2,topic_2,0.16615062952041626,ltm,31,weighted_threshold,
59,0ece088e-ba78-4c86-97f2-8390983611a7,9,topic_2,0.15778210759162903,ltm,31,weighted_threshold,
59,6303c4c4-78ae-4045-b196-1d4b988eea8c,7,topic_2,0.1551363468170166,ltm,31,weighted_threshold,
59,fec25c5d-4040-4223-b616-68d514c7dead,1,topic_2,0.15322956442832947,ltm,31,weighted_threshold,
60,af43c28b-7b78-4974-9692-2df7f9841c39,8,topic_2,0.13430236279964447,ltm,31,weighted_threshold,
60,09b7227e-2f2b-4051-b384-d280f8346642,3,topic_2,0.13137921690940857,ltm,31,weighted_threshold,
60,fec25c5d-4040-4223-b616-68d514c7dead,1,topic_2,0.1252601146697998,ltm,31,weighted_threshold,
60,0ece088e-ba78-4c86-97f2-8390983611a7,9,topic_2,0.11405021697282791,ltm,31,weighted_threshold,
60,7a0eef5e-3935-446e-97d6-a03272332a26,2,topic_2,0.11144617944955826,ltm,31,weighted_threshold,
61,fec25c5d-4040-4223-b616-68d514c7dead,1,topic_2,0.2987064719200134,ltm,31,weighted_threshold,
61,7a0eef5e-3935-446e-97d6-a03272332a26,2,topic_2,0.24491295218467712,ltm,31,weighted_threshold,
61,af43c28b-7b78-4974-9692-2df7f9841c39,8,topic_2,0.15489719808101654,ltm,31,weighted_threshold,
61,6303c4c4-78ae-4045-b196-1d4b988eea8c,7,topic_2,0.13812151551246643,ltm,31,weighted_threshold,
61,09b7227e-2f2b-4051-b384-d280f8346642,3,topic_2,0.11689727008342743,ltm,31,weighted_threshold,
62,fec25c5d-4040-4223-b616-68d514c7dead,1,topic_2,0.1805337369441986,ltm,31,weighted_threshold,
62,6303c4c4-78ae-4045-b196-1d4b988eea8c,7,topic_2,0.17795725166797638,ltm,31,weighted_threshold,
62,af43c28b-7b78-4974-9692-2df7f9841c39,8,topic_2,0.14959502220153809,ltm,31,weighted_threshold,
62,7a0eef5e-3935-446e-97d6-a03272332a26,2,topic_2,0.13247385621070862,ltm,31,weighted_threshold,
62,b1d09da0-61de-47f5-b4fd-e0978bc3a72e,35,topic_3,0.12995892763137817,ltm,61,all_or_nothing,repetition
63,b1d09da0-61de-47f5-b4fd-e0978bc3a72e,35,topic_3,0.27339059114456177,ltm,61,all_or_nothing,repetition
63,7a0eef5e-3935-446e-97d6-a03272332a26,2,topic_2,0.26521748304367065,ltm,31,weighted_threshold,
63,fec25c5d-4040-4223-b616-68d514c7dead,1,topic_2,0.24702484905719757,ltm,31,weighted_threshold,
63,af43c28b-7b78-4974-9692-2df7f9841c39,8,topic_2,0.2020837664604187,ltm,31,weighted_threshold,
63,6303c4c4-78ae-4045-b196-1d4b988eea8c,7,topic_2,0.17169295251369476,ltm,31,weighted_threshold,
64,fec25c5d-4040-4223-b616-68d514c7dead,1,topic_2,0.18177564442157745,ltm,31,weighted_threshold,
64,b1d09da0-61de-47f5-b4fd-e0978bc3a72e,35,topic_3,0.15969409048557281,ltm,61,all_or_nothing,repetition
64,7a0eef5e-3935-446e-97d6-a03272332a26,2,topic_2,0.12915672361850739,ltm,31,weighted_threshold,
64,af43c28b-7b78-4974-9692-2df7f9841c39,8,topic_2,0.10688748210668564,ltm,31,weighted_threshold,
64,09b7227e-2f2b-4051-b384-d280f8346642,3,topic_2,0.09861978143453598,ltm,31,weighted_threshold,
65,fec25c5d-4040-4223-b616-68d514c7dead,1,topic_2,0.2312573492527008,ltm,31,weighted_threshold,
65,7a0eef5e-3935-446e-97d6-a03272332a26,2,topic_2,0.22920642793178558,ltm,31,weighted_threshold,
65,09b7227e-2f2b-4051-b384-d280f8346642,3,topic_2,0.15793202817440033,ltm,31,weighted_threshold,
65,b1d09da0-61de-47f5-b4fd-e0978bc3a72e,35,topic_3,0.15769755840301514,ltm,61,all_or_nothing,repetition
65,af43c28b-7b78-4974-9692-2df7f9841c39,8,topic_2,0.13606983423233032,ltm,31,weighted_threshold,
66,7a0eef5e-3935-446e-97d6-a03272332a26,2,topic_2,0.24435938894748688,ltm,31,weighted_threshold,
66,fec25c5d-4040-4223-b616-68d514c7dead,1,topic_2,0.2272357940673828,ltm,31,weighted_threshold,
66,b1d09da0-61de-47f5-b4fd-e0978bc3a72e,35,topic_3,0.17344041168689728,ltm,61,all_or_nothing,repetition
66,09b7227e-2f2b-4051-b384-d280f8346642,3,topic_2,0.14899003505706787,ltm,31,weighted_threshold,
66,b390f491-c377-4608-8e93-f25081699184,6,topic_2,0.13892579078674316,ltm,31,weighted_threshold,
67,b1d09da0-61de-47f5-b4fd-e0978bc3a72e,35,topic_3,0.20433758199214935,ltm,61,all_or_nothing,repetition
67,b390f491-c377-4608-8e93-f25081699184,6,topic_2,0.16768983006477356,ltm,31,weighted_threshold,
67,fec25c5d-4040-4223-b616-68d514c7dead,1,topic_2,0.1664087027311325,ltm,31,weighted_threshold,
67,7a0eef5e-3935-446e-97d6-a03272332a26,2,topic_2,0.14414970576763153,ltm,31,weighted_threshold,
67,af43c28b-7b78-4974-9692-2df7f9841c39,8,topic_2,0.13500069081783295,ltm,31,weighted_threshold,
68,fec25c5d-4040-4223-b616-68d514c7dead,1,topic_2,0.26046910881996155,ltm,31,weighted_threshold,
68,7a0eef5e-3935-446e-97d6-a03272332a26,2,topic_2,0.2542096972465515,ltm,31,weighted_threshold,
68,b1d09da0-61de-47f5-b4fd-e0978bc3a72e,35,topic_3,0.21183466911315918,ltm,61,all_or_nothing,repetition
68,af43c28b-7b78-4974-9692-2df7f9841c39,8,topic_2,0.16130851209163666,ltm,31,weighted_threshold,
68,09b7227e-2f2b-4051-b384-d280f8346642,3,topic_2,0.12831690907478333,ltm,31,weighted_threshold,
69,b1d09da0-61de-47f5-b4fd-e0978bc3a72e,35,topic_3,0.2611786127090454,ltm,61,all_or_nothing,repetition
69,fec25c5d-4040-4223-b616-68d514c7dead,1,topic_2,0.23347419500350952,ltm,31,weighted_threshold,
69,7a0eef5e-3935-446e-97d6-a03272332a26,2,topic_2,0.21752087771892548,ltm,31,weighted_threshold,
69,09b7227e-2f2b-4051-b384-d280f8346642,3,topic_2,0.16507157683372498,ltm,31,weighted_threshold,
69,af43c28b-7b78-4974-9692-2df7f9841c39,8,topic_2,0.15427421033382416,ltm,31,weighted_threshold,
70,fec25c5d-4040-4223-b616-68d514c7dead,1,topic_2,0.16284771263599396,ltm,31,weighted_threshold,
70,7a0eef5e-3935-446e-97d6-a03272332a26,2,topic_2,0.15674705803394318,ltm,31,weighted_threshold,
70,b390f491-c377-4608-8e93-f25081699184,6,topic_2,0.1491636037826538,ltm,31,weighted_threshold,
70,af43c28b-7b78-4974-9692-2df7f9841c39,8,topic_2,0.13960714638233185,ltm,31,weighted_threshold,
70,dd856e5e-2766-452f-a930-6fe04e2301d6,5,topic_2,0.11249905824661255,ltm,31,weighted_threshold,
71,7a0eef5e-3935-446e-97d6-a03272332a26,2,topic_2,0.12926886975765228,ltm,31,weighted_threshold,
71,b1d09da0-61de-47f5-b4fd-e0978bc3a72e,35,topic_3,0.11830951273441315,ltm,61,all_or_nothing,repetition
71,fec25c5d-4040-4223-b616-68d514c7dead,1,topic_2,0.11493963748216629,ltm,31,weighted_threshold,
71,af43c28b-7b78-4974-9692-2df7f9841c39,8,topic_2,0.09217653423547745,ltm,31,weighted_threshold,
71,6303c4c4-78ae-4045-b196-1d4b988eea8c,7,topic_2,0.08090236783027649,ltm,31,weighted_threshold,
72,fec25c5d-4040-4223-b616-68d514c7dead,1,topic_2,0.2538209557533264,ltm,31,weighted_threshold,
72,b1d09da0-61de-47f5-b4fd-e0978bc3a72e,35,topic_3,0.20820654928684235,ltm,61,all_or_nothing,repetition
72,7a0eef5e-3935-446e-97d6-a03272332a26,2,topic_2,0.18213900923728943,ltm,31,weighted_threshold,
72,6303c4c4-78ae-4045-b196-1d4b988eea8c,7,topic_2,0.1690453737974167,ltm,31,weighted_threshold,
72,b390f491-c377-4608-8e93-f25081699184,6,topic_2,0.15926684439182281,ltm,31,weighted_threshold,
73,af43c28b-7b78-4974-9692-2df7f9841c39,8,topic_2,0.17290717363357544,ltm,31,weighted_threshold,
73,b1d09da0-61de-47f5-b4fd-e0978bc3a72e,35,topic_3,0.17162296175956726,ltm,61,all_or_nothing,repetition
73,7a0eef5e-3935-446e-97d6-a03272332a26,2,topic_2,0.16119925677776337,ltm,31,weighted_threshold,
73,fec25c5d-4040-4223-b616-68d514c7dead,1,topic_2,0.13228429853916168,ltm,31,weighted_threshold,
73,6303c4c4-78ae-4045-b196-1d4b988eea8c,7,topic_2,0.13210999965667725,ltm,31,weighted_threshold,
74,b1d09da0-61de-47f5-b4fd-e0978bc3a72e,35,topic_3,0.28120702505111694,ltm,61,all_or_nothing,repetition
74,fec25c5d-4040-4223-b616-68d514c7dead,1,topic_2,0.26505470275878906,ltm,31,weighted_threshold,
74,7a0eef5e-3935-446e-97d6-a03272332a26,2,topic_2,0.21218791604042053,ltm,31,weighted_threshold,
74,b390f491-c377-4608-8e93-f25081699184,6,topic_2,0.1944677084684372,ltm,31,weighted_threshold,
74,af43c28b-7b78-4974-9692-2df7f9841c39,8,topic_2,0.1868830919265747,ltm,31,weighted_threshold,
75,fec25c5d-4040-4223-b616-68d514c7dead,1,topic_2,0.19463162124156952,ltm,31,weighted_threshold,
75,b1d09da0-61de-47f5-b4fd-e0978bc3a72e,35,topic_3,0.16486728191375732,ltm,61,all_or_nothing,repetition
75,09b7227e-2f2b-4051-b384-d280f8346642,3,topic_2,0.1586969494819641,ltm,31,weighted_threshold,
75,0ece088e-ba78-4c86-97f2-8390983611a7,9,topic_2,0.1453496515750885,ltm,31,weighted_threshold,
75,af43c28b-7b78-4974-9692-2df7f9841c39,8,topic_2,0.1438039243221283,ltm,31,weighted_threshold,
76,b1d09da0-61de-47f5-b4fd-e0978bc3a72e,35,topic_3,0.19169138371944427,ltm,61,all_or_nothing,repetition
76,7a0eef5e-3935-446e-97d6-a03272332a26,2,topic_2,0.1861545741558075,ltm,31,weighted_threshold,
76,fec25c5d-4040-4223-b616-68d514c7dead,1,topic_2,0.18503880500793457,ltm,31,weighted_threshold,
76,b390f491-c377-4608-8e93-f25081699184,6,topic_2,0.17140497267246246,ltm,31,weighted_threshold,
76,af43c28b-7b78-4974-9692-2df7f9841c39,8,topic_2,0.15685153007507324,ltm,31,weighted_threshold,
77,7a0eef5e-3935-446e-97d6-a03272332a26,2,topic_2,0.25379955768585205,ltm,31,weighted_threshold,
77,fec25c5d-4040-4223-b616-68d514c7dead,1,topic_2,0.2380555272102356,ltm,31,weighted_threshold,
77,b1d09da0-61de-47f5-b4fd-e0978bc3a72e,35,topic_3,0.2182655781507492,ltm,61,all_or_nothing,repetition
77,b390f491-c377-4608-8e93-f25081699184,6,topic_2,0.15192429721355438,ltm,31,weighted_threshold,
77,09b7227e-2f2b-4051-b384-d280f8346642,3,topic_2,0.14747841656208038,ltm,31,weighted_threshold,
78,7a0eef5e-3935-446e-97d6-a03272332a26,2,topic_2,0.25820741057395935,ltm,31,weighted_threshold,
78,b1d09da0-61de-47f5-b4fd-e0978bc3a72e,35,topic_3,0.24654240906238556,ltm,61,all_or_nothing,repetition
78,fec25c5d-4040-4223-b616-68d514c7dead,1,topic_2,0.23067285120487213,ltm,31,weighted_threshold,
78,af43c28b-7b78-4974-9692-2df7f9841c39,8,topic_2,0.18770509958267212,ltm,31,weighted_threshold,
78,09b7227e-2f2b-4051-b384-d280f8346642,3,topic_2,0.18702760338783264,ltm,31,weighted_threshold,
79,b1d09da0-61de-47f5-b4fd-e0978bc3a72e,35,topic_3,0.2686363160610199,ltm,61,all_or_nothing,repetition
79,fec25c5d-4040-4223-b616-68d514c7dead,1,topic_2,0.2560827434062958,ltm,31,weighted_threshold,
79,7a0eef5e-3935-446e-97d6-a03272332a26,2,topic_2,0.23935770988464355,ltm,31,weighted_threshold,
79,af43c28b-7b78-4974-9692-2df7f9841c39,8,topic_2,0.19120082259178162,ltm,31,weighted_threshold,
79,6303c4c4-78ae-4045-b196-1d4b988eea8c,7,topic_2,0.16249419748783112,ltm,31,weighted_threshold,
80,fec25c5d-4040-4223-b616-68d514c7dead,1,topic_2,0.23930104076862335,ltm,31,weighted_threshold,
80,7a0eef5e-3935-446e-97d6-a03272332a26,2,topic_2,0.20325404405593872,ltm,31,weighted_threshold,
80,b1d09da0-61de-47f5-b4fd-e0978bc3a72e,35,topic_3,0.17207859456539154,ltm,61,all_or_nothing,repetition
80,af43c28b-7b78-4974-9692-2df7f9841c39,8,topic_2,0.12378635257482529,ltm,31,weighted_threshold,
80,b390f491-c377-4608-8e93-f25081699184,6,topic_2,0.10647284239530563,ltm,31,weighted_threshold,
81,b1d09da0-61de-47f5-b4fd-e0978bc3a72e,35,topic_3,0.2634590268135071,ltm,61,all_or_nothing,repetition
81,fec25c5d-4040-4223-b616-68d514c7dead,1,topic_2,0.18761931359767914,ltm,31,weighted_threshold,
81,af43c28b-7b78-4974-9692-2df7f9841c39,8,topic_2,0.17864379286766052,ltm,31,weighted_threshold,
81,0ece088e-ba78-4c86-97f2-8390983611a7,9,topic_2,0.17517736554145813,ltm,31,weighted_threshold,
81,7a0eef5e-3935-446e-97d6-a03272332a26,2,topic_2,0.1375582367181778,ltm,31,weighted_threshold,
82,fec25c5d-4040-4223-b616-68d514c7dead,1,topic_2,0.25099867582321167,ltm,31,weighted_threshold,
82,7a0eef5e-3935-446e-97d6-a03272332a26,2,topic_2,0.20493841171264648,ltm,31,weighted_threshold,
82,b1d09da0-61de-47f5-b4fd-e0978bc3a72e,35,topic_3,0.19552646577358246,ltm,61,all_or_nothing,repetition
82,af43c28b-7b78-4974-9692-2df7f9841c39,8,topic_2,0.17706656455993652,ltm,31,weighted_threshold,
82,b390f491-c377-4608-8e93-f25081699184,6,topic_2,0.16278943419456482,ltm,31,weighted_threshold,
83,b1d09da0-61de-47f5-b4fd-e0978bc3a72e,35,topic_3,0.19727249443531036,ltm,61,all_or_nothing,repetition
83,7a0eef5e-3935-446e-97d6-a03272332a26,2,topic_2,0.17215099930763245,ltm,31,weighted_threshold,
83,fec25c5d-4040-4223-b616-68d514c7dead,1,topic_2,0.16439412534236908,ltm,31,weighted_threshold,
83,af43c28b-7b78-4974-9692-2df7f9841c39,8,topic_2,0.14227338135242462,ltm,31,weighted_threshold,
83,6303c4c4-78ae-4045-b196-1d4b988eea8c,7,topic_2,0.0939488559961319,ltm,31,weighted_threshold,
84,b1d09da0-61de-47f5-b4fd-e0978bc3a72e,35,topic_3,0.2729129195213318,ltm,61,all_or_nothing,repetition
84,7a0eef5e-3935-446e-97d6-a03272332a26,2,topic_2,0.21402983367443085,ltm,31,weighted_threshold,
84,fec25c5d-4040-4223-b616-68d514c7dead,1,topic_2,0.1990370750427246,ltm,31,weighted_threshold,
84,6303c4c4-78ae-4045-b196-1d4b988eea8c,7,topic_2,0.16792170703411102,ltm,31,weighted_threshold,
84,dd856e5e-2766-452f-a930-6fe04e2301d6,5,topic_2,0.13517053425312042,ltm,31,weighted_threshold,
85,fec25c5d-4040-4223-b616-68d514c7dead,1,topic_2,0.1521240621805191,ltm,31,weighted_threshold,
85,7a0eef5e-3935-446e-97d6-a03272332a26,2,topic_2,0.145859032869339,ltm,31,weighted_threshold,
85,b1d09da0-61de-47f5-b4fd-e0978bc3a72e,35,topic_3,0.14078785479068756,ltm,61,all_or_nothing,repetition
85,6303c4c4-78ae-4045-b196-1d4b988eea8c,7,topic_2,0.1336914300918579,ltm,31,weighted_threshold,
85,af43c28b-7b78-4974-9692-2df7f9841c39,8,topic_2,0.12687665224075317,ltm,31,weighted_threshold,
86,b1d09da0-61de-47f5-b4fd-e0978bc3a72e,35,topic_3,0.26873642206192017,ltm,61,all_or_nothing,repetition
86,7a0eef5e-3935-446e-97d6-a03272332a26,2,topic_2,0.2632271945476532,ltm,31,weighted_threshold,
86,fec25c5d-4040-4223-b616-68d514c7dead,1,topic_2,0.2574728727340698,ltm,31,weighted_threshold,
86,af43c28b-7b78-4974-9692-2df7f9841c39,8,topic_2,0.20577490329742432,ltm,31,weighted_threshold,
86,b390f491-c377-4608-8e93-f25081699184,6,topic_2,0.17319951951503754,ltm,31,weighted_threshold,
87,7a0eef5e-3935-446e-97d6-a03272332a26,2,topic_2,0.21759966015815735,ltm,31,weighted_threshold,
87,b1d09da0-61de-47f5-b4fd-e0978bc3a72e,35,topic_3,0.20442557334899902,ltm,61,all_or_nothing,repetition
87,af43c28b-7b78-4974-9692-2df7f9841c39,8,topic_2,0.19861648976802826,ltm,31,weighted_threshold,
87,fec25c5d-4040-4223-b616-68d514c7dead,1,topic_2,0.1883496642112732,ltm,31,weighted_threshold,
87,0ece088e-ba78-4c86-97f2-8390983611a7,9,topic_2,0.1867547184228897,ltm,31,weighted_threshold,
88,7a0eef5e-3935-446e-97d6-a03272332a26,2,topic_2,0.3074529767036438,ltm,31,weighted_threshold,
88,fec25c5d-4040-4223-b616-68d514c7dead,1,topic_2,0.30020663142204285,ltm,31,weighted_threshold,
88,af43c28b-7b78-4974-9692-2df7f9841c39,8,topic_2,0.2312517911195755,ltm,31,weighted_threshold,
88,6303c4c4-78ae-4045-b196-1d4b988eea8c,7,topic_2,0.2202722132205963,ltm,31,weighted_threshold,
88,dd856e5e-2766-452f-a930-6fe04e2301d6,5,topic_2,0.17612645030021667,ltm,31,weighted_threshold,
89,b1d09da0-61de-47f5-b4fd-e0978bc3a72e,35,topic_3,0.24141541123390198,ltm,61,all_or_nothing,repetition
89,fec25c5d-4040-4223-b616-68d514c7dead,1,topic_2,0.21034206449985504,ltm,31,weighted_threshold,
89,7a0eef5e-3935-446e-97d6-a03272332a26,2,topic_2,0.18724891543388367,ltm,31,weighted_threshold,
89,b390f491-c377-4608-8e93-f25081699184,6,topic_2,0.16688789427280426,ltm,31,weighted_threshold,
89,dd856e5e-2766-452f-a930-6fe04e2301d6,5,topic_2,0.16468219459056854,ltm,31,weighted_threshold,
90,fec25c5d-4040-4223-b616-68d514c7dead,1,topic_2,0.29756584763526917,ltm,31,weighted_threshold,
90,7a0eef5e-3935-446e-97d6-a03272332a26,2,topic_2,0.24979077279567719,ltm,31,weighted_threshold,
90,af43c28b-7b78-4974-9692-2df7f9841c39,8,topic_2,0.12626993656158447,ltm,31,weighted_threshold,
90,b1d09da0-61de-47f5-b4fd-e0978bc3a72e,35,topic_3,0.12370532006025314,ltm,61,all_or_nothing,repetition
90,09b7227e-2f2b-4051-b384-d280f8346642,3,topic_2,0.12362079322338104,ltm,31,weighted_threshold,
91,fec25c5d-4040-4223-b616-68d514c7dead,1,topic_2,0.26283368468284607,ltm,31,weighted_threshold,
91,7a0eef5e-3935-446e-97d6-a03272332a26,2,topic_2,0.19384919106960297,ltm,31,weighted_threshold,
91,09b7227e-2f2b-4051-b384-d280f8346642,3,topic_2,0.17945130169391632,ltm,31,weighted_threshold,
91,0ece088e-ba78-4c86-97f2-8390983611a7,9,topic_2,0.11703256517648697,ltm,31,weighted_threshold,
91,af43c28b-7b78-4974-9692-2df7f9841c39,8,topic_2,0.10200544446706772,ltm,31,weighted_threshold,
92,7a0eef5e-3935-446e-97d6-a03272332a26,2,topic_2,0.17524175345897675,ltm,31,weighted_threshold,
92,fec25c5d-4040-4223-b616-68d514c7dead,1,topic_2,0.15187442302703857,ltm,31,weighted_threshold,
92,af43c28b-7b78-4974-9692-2df7f9841c39,8,topic_2,0.1487065702676773,ltm,31,weighted_threshold,
92,b390f491-c377-4608-8e93-f25081699184,6,topic_2,0.14816923439502716,ltm,31,weighted_threshold,
92,bf147734-c346-4b47-8d9e-89879fa5d5dd,76,topic_4,0.1440010964870453,ltm,91,all_or_nothing,repetition
93,bf147734-c346-4b47-8d9e-89879fa5d5dd,76,topic_4,0.2316247820854187,ltm,91,all_or_nothing,repetition
93,fec25c5d-4040-4223-b616-68d514c7dead,1,topic_2,0.21702903509140015,ltm,31,weighted_threshold,
93,b1d09da0-61de-47f5-b4fd-e0978bc3a72e,35,topic_3,0.21057672798633575,ltm,61,all_or_nothing,repetition
93,af43c28b-7b78-4974-9692-2df7f9841c39,8,topic_2,0.18309785425662994,ltm,31,weighted_threshold,
93,7a0eef5e-3935-446e-97d6-a03272332a26,2,topic_2,0.1471613198518753,ltm,31,weighted_threshold,
94,7a0eef5e-3935-446e-97d6-a03272332a26,2,topic_2,0.21012195944786072,ltm,31,weighted_threshold,
94,bf147734-c346-4b47-8d9e-89879fa5d5dd,76,topic_4,0.20553278923034668,ltm,91,all_or_nothing,repetition
94,af43c28b-7b78-4974-9692-2df7f9841c39,8,topic_2,0.19252589344978333,ltm,31,weighted_threshold,
94,0ece088e-ba78-4c86-97f2-8390983611a7,9,topic_2,0.16922399401664734,ltm,31,weighted_threshold,
94,fec25c5d-4040-4223-b616-68d514c7dead,1,topic_2,0.15847660601139069,ltm,31,weighted_threshold,
95,af43c28b-7b78-4974-9692-2df7f9841c39,8,topic_2,0.1447986513376236,ltm,31,weighted_threshold,
95,0ece088e-ba78-4c86-97f2-8390983611a7,9,topic_2,0.14433066546916962,ltm,31,weighted_threshold,
95,bf147734-c346-4b47-8d9e-89879fa5d5dd,76,topic_4,0.10122932493686676,ltm,91,all_or_nothing,repetition
95,b1d09da0-61de-47f5-b4fd-e0978bc3a72e,35,topic_3,0.09296657145023346,ltm,61,all_or_nothing,repetition
95,b390f491-c377-4608-8e93-f25081699184,6,topic_2,0.092140793800354,ltm,31,weighted_threshold,
96,b1d09da0-61de-47f5-b4fd-e0978bc3a72e,35,topic_3,0.20330575108528137,ltm,61,all_or_nothing,repetition
96,af43c28b-7b78-4974-9692-2df7f9841c39,8,topic_2,0.19067299365997314,ltm,31,weighted_threshold,
96,7a0eef5e-3935-446e-97d6-a03272332a26,2,topic_2,0.1875835806131363,ltm,31,weighted_threshold,
96,bf147734-c346-4b47-8d9e-89879fa5d5dd,76,topic_4,0.18383997678756714,ltm,91,all_or_nothing,repetition
96,fec25c5d-4040-4223-b616-68d514c7dead,1,topic_2,0.17371781170368195,ltm,31,weighted_threshold,
97,bf147734-c346-4b47-8d9e-89879fa5d5dd,76,topic_4,0.21711057424545288,ltm,91,all_or_nothing,repetition
97,b1d09da0-61de-47f5-b4fd-e0978bc3a72e,35,topic_3,0.19267424941062927,ltm,61,all_or_nothing,repetition
97,0ece088e-ba78-4c86-97f2-8390983611a7,9,topic_2,0.17424459755420685,ltm,31,weighted_threshold,
97,af43c28b-7b78-4974-9692-2df7f9841c39,8,topic_2,0.16336798667907715,ltm,31,weighted_threshold,
97,7a0eef5e-3935-446e-97d6-a03272332a26,2,topic_2,0.1450394243001938,ltm,31,weighted_threshold,
98,fec25c5d-4040-4223-b616-68d514c7dead,1,topic_2,0.23874537646770477,ltm,31,weighted_threshold,
98,7a0eef5e-3935-446e-97d6-a03272332a26,2,topic_2,0.20497919619083405,ltm,31,weighted_threshold,
98,bf147734-c346-4b47-8d9e-89879fa5d5dd,76,topic_4,0.1345532387495041,ltm,91,all_or_nothing,repetition
98,af43c28b-7b78-4974-9692-2df7f9841c39,8,topic_2,0.12190695852041245,ltm,31,weighted_threshold,
98,0ece088e-ba78-4c86-97f2-8390983611a7,9,topic_2,0.11850499361753464,ltm,31,weighted_threshold,
99,fec25c5d-4040-4223-b616-68d514c7dead,1,topic_2,0.20521119236946106,ltm,31,weighted_threshold,
99,bf147734-c346-4b47-8d9e-89879fa5d5dd,76,topic_4,0.18973122537136078,ltm,91,all_or_nothing,repetition
99,b1d09da0-61de-47f5-b4fd-e0978bc3a72e,35,topic_3,0.17734789848327637,ltm,61,all_or_nothing,repetition
99,7a0eef5e-3935-446e-97d6-a03272332a26,2,topic_2,0.15744227170944214,ltm,31,weighted_threshold,
99,af43c28b-7b78-4974-9692-2df7f9841c39,8,topic_2,0.15239056944847107,ltm,31,weighted_threshold,
100,09b7227e-2f2b-4051-b384-d280f8346642,3,topic_2,0.20036685466766357,ltm,31,weighted_threshold,
100,fec25c5d-4040-4223-b616-68d514c7dead,1,topic_2,0.17240206897258759,ltm,31,weighted_threshold,
100,7a0eef5e-3935-446e-97d6-a03272332a26,2,topic_2,0.15196824073791504,ltm,31,weighted_threshold,
100,af43c28b-7b78-4974-9692-2df7f9841c39,8,topic_2,0.11674541980028152,ltm,31,weighted_threshold,
100,b1d09da0-61de-47f5-b4fd-e0978bc3a72e,35,topic_3,0.11315707117319107,ltm,61,all_or_nothing,repetition
101,fec25c5d-4040-4223-b616-68d514c7dead,1,topic_2,0.20131950080394745,ltm,31,weighted_threshold,
101,7a0eef5e-3935-446e-97d6-a03272332a26,2,topic_2,0.19214072823524475,ltm,31,weighted_threshold,
101,bf147734-c346-4b47-8d9e-89879fa5d5dd,76,topic_4,0.18696516752243042,ltm,91,all_or_nothing,repetition
101,b1d09da0-61de-47f5-b4fd-e0978bc3a72e,35,topic_3,0.18544435501098633,ltm,61,all_or_nothing,repetition
101,af43c28b-7b78-4974-9692-2df7f9841c39,8,topic_2,0.1629297137260437,ltm,31,weighted_threshold,
102,bf147734-c346-4b47-8d9e-89879fa5d5dd,76,topic_4,0.22591865062713623,ltm,91,all_or_nothing,repetition
102,b1d09da0-61de-47f5-b4fd-e0978bc3a72e,35,topic_3,0.21794505417346954,ltm,61,all_or_nothing,repetition
102,af43c28b-7b78-4974-9692-2df7f9841c39,8,topic_2,0.19800417125225067,ltm,31,weighted_threshold,
102,fec25c5d-4040-4223-b616-68d514c7dead,1,topic_2,0.18117056787014008,ltm,31,weighted_threshold,
102,7a0eef5e-3935-446e-97d6-a03272332a26,2,topic_2,0.16749019920825958,ltm,31,weighted_threshold,
103,b1d09da0-61de-47f5-b4fd-e0978bc3a72e,35,topic_3,0.22347240149974823,ltm,61,all_or_nothing,repetition
103,fec25c5d-4040-4223-b616-68d514c7dead,1,topic_2,0.19110949337482452,ltm,31,weighted_threshold,
103,bf147734-c346-4b47-8d9e-89879fa5d5dd,76,topic_4,0.17827731370925903,ltm,91,all_or_nothing,repetition
103,7a0eef5e-3935-446e-97d6-a03272332a26,2,topic_2,0.1686592549085617,ltm,31,weighted_threshold,
103,af43c28b-7b78-4974-9692-2df7f9841c39,8,topic_2,0.13051873445510864,ltm,31,weighted_threshold,
104,bf147734-c346-4b47-8d9e-89879fa5d5dd,76,topic_4,0.1951962262392044,ltm,91,all_or_nothing,repetition
104,b1d09da0-61de-47f5-b4fd-e0978bc3a72e,35,topic_3,0.1780710220336914,ltm,61,all_or_nothing,repetition
104,b390f491-c377-4608-8e93-f25081699184,6,topic_2,0.14068354666233063,ltm,31,weighted_threshold,
104,af43c28b-7b78-4974-9692-2df7f9841c39,8,topic_2,0.13830141723155975,ltm,31,weighted_threshold,
104,fec25c5d-4040-4223-b616-68d514c7dead,1,topic_2,0.1378433257341385,ltm,31,weighted_threshold,
105,fec25c5d-4040-4223-b616-68d514c7dead,1,topic_2,0.21420156955718994,ltm,31,weighted_threshold,
105,7a0eef5e-3935-446e-97d6-a03272332a26,2,topic_2,0.16226865351200104,ltm,31,weighted_threshold,
105,bf147734-c346-4b47-8d9e-89879fa5d5dd,76,topic_4,0.1543859839439392,ltm,91,all_or_nothing,repetition
105,b1d09da0-61de-47f5-b4fd-e0978bc3a72e,35,topic_3,0.148689866065979,ltm,61,all_or_nothing,repetition
105,af43c28b-7b78-4974-9692-2df7f9841c39,8,topic_2,0.1228366270661354,ltm,31,weighted_threshold,
106,b1d09da0-61de-47f5-b4fd-e0978bc3a72e,35,topic_3,0.21458329260349274,ltm,61,all_or_nothing,repetition
106,bf147734-c346-4b47-8d9e-89879fa5d5dd,76,topic_4,0.1953134834766388,ltm,91,all_or_nothing,repetition
106,fec25c5d-4040-4223-b616-68d514c7dead,1,topic_2,0.1803133189678192,ltm,31,weighted_threshold,
106,af43c28b-7b78-4974-9692-2df7f9841c39,8,topic_2,0.164577454328537,ltm,31,weighted_threshold,
106,7a0eef5e-3935-446e-97d6-a03272332a26,2,topic_2,0.14075148105621338,ltm,31,weighted_threshold,
107,fec25c5d-4040-4223-b616-68d514c7dead,1,topic_2,0.2047075778245926,ltm,31,weighted_threshold,
107,bf147734-c346-4b47-8d9e-89879fa5d5dd,76,topic_4,0.1993868499994278,ltm,91,all_or_nothing,repetition
107,b1d09da0-61de-47f5-b4fd-e0978bc3a72e,35,topic_3,0.19349387288093567,ltm,61,all_or_nothing,repetition
107,7a0eef5e-3935-446e-97d6-a03272332a26,2,topic_2,0.17799361050128937,ltm,31,weighted_threshold,
107,09b7227e-2f2b-4051-b384-d280f8346642,3,topic_2,0.1457412987947464,ltm,31,weighted_threshold,
108,fec25c5d-4040-4223-b616-68d514c7dead,1,topic_2,0.18093696236610413,ltm,31,weighted_threshold,
108,b1d09da0-61de-47f5-b4fd-e0978bc3a72e,35,topic_3,0.17504769563674927,ltm,61,all_or_nothing,repetition
108,7a0eef5e-3935-446e-97d6-a03272332a26,2,topic_2,0.13204745948314667,ltm,31,weighted_threshold,
108,09b7227e-2f2b-4051-b384-d280f8346642,3,topic_2,0.128861203789711,ltm,31,weighted_threshold,
108,af43c28b-7b78-4974-9692-2df7f9841c39,8,topic_2,0.12327052652835846,ltm,31,weighted_threshold,
109,fec25c5d-4040-4223-b616-68d514c7dead,1,topic_2,0.23452794551849365,ltm,31,weighted_threshold,
109,7a0eef5e-3935-446e-97d6-a03272332a26,2,topic_2,0.2103506177663803,ltm,31,weighted_threshold,
109,09b7227e-2f2b-4051-b384-d280f8346642,3,topic_2,0.14944501221179962,ltm,31,weighted_threshold,
109,af43c28b-7b78-4974-9692-2df7f9841c39,8,topic_2,0.1488846242427826,ltm,31,weighted_threshold,
109,b1d09da0-61de-47f5-b4fd-e0978bc3a72e,35,topic_3,0.11634781211614609,ltm,61,all_or_nothing,repetition
110,b1d09da0-61de-47f5-b4fd-e0978bc3a72e,35,topic_3,0.2890632748603821,ltm,61,all_or_nothing,repetition
110,7a0eef5e-3935-446e-97d6-a03272332a26,2,topic_2,0.19512882828712463,ltm,31,weighted_threshold,
110,fec25c5d-4040-4223-b616-68d514c7dead,1,topic_2,0.19268056750297546,ltm,31,weighted_threshold,
110,af43c28b-7b78-4974-9692-2df7f9841c39,8,topic_2,0.18586815893650055,ltm,31,weighted_threshold,
110,09b7227e-2f2b-4051-b384-d280f8346642,3,topic_2,0.18486031889915466,ltm,31,weighted_threshold,
111,fec25c5d-4040-4223-b616-68d514c7dead,1,topic_2,0.21981358528137207,ltm,31,weighted_threshold,
111,7a0eef5e-3935-446e-97d6-a03272332a26,2,topic_2,0.19437526166439056,ltm,31,weighted_threshold,
111,09b7227e-2f2b-4051-b384-d280f8346642,3,topic_2,0.18095989525318146,ltm,31,weighted_threshold,
111,af43c28b-7b78-4974-9692-2df7f9841c39,8,topic_2,0.17589281499385834,ltm,31,weighted_threshold,
111,b1d09da0-61de-47f5-b4fd-e0978bc3a72e,35,topic_3,0.16503553092479706,ltm,61,all_or_nothing,repetition
112,09b7227e-2f2b-4051-b384-d280f8346642,3,topic_2,0.7456782460212708,ltm,31,weighted_threshold,
112,b390f491-c377-4608-8e93-f25081699184,6,topic_2,0.2720392644405365,ltm,31,weighted_threshold,
112,fec25c5d-4040-4223-b616-68d514c7dead,1,topic_2,0.23880727589130402,ltm,31,weighted_threshold,
112,dd856e5e-2766-452f-a930-6fe04e2301d6,5,topic_2,0.2123776227235794,ltm,31,weighted_threshold,
112,6303c4c4-78ae-4045-b196-1d4b988eea8c,7,topic_2,0.17250783741474152,ltm,31,weighted_threshold,
113,09b7227e-2f2b-4051-b384-d280f8346642,3,topic_2,0.6565528512001038,ltm,31,weighted_threshold,
113,b390f491-c377-4608-8e93-f25081699184,6,topic_2,0.28846728801727295,ltm,31,weighted_threshold,
113,fec25c5d-4040-4223-b616-68d514c7dead,1,topic_2,0.2861976623535156,ltm,31,weighted_threshold,
113,dd856e5e-2766-452f-a930-6fe04e2301d6,5,topic_2,0.23137448728084564,ltm,31,weighted_threshold,
113,7a0eef5e-3935-446e-97d6-a03272332a26,2,topic_2,0.22260375320911407,ltm,31,weighted_threshold,
114,fec25c5d-4040-4223-b616-68d514c7dead,1,topic_2,0.613501787185669,ltm,31,weighted_threshold,
114,7a0eef5e-3935-446e-97d6-a03272332a26,2,topic_2,0.44683003425598145,ltm,31,weighted_threshold,
114,bf147734-c346-4b47-8d9e-89879fa5d5dd,76,topic_4,0.2246783971786499,ltm,91,all_or_nothing,repetition
114,b1d09da0-61de-47f5-b4fd-e0978bc3a72e,35,topic_3,0.2149370163679123,ltm,61,all_or_nothing,repetition
114,09b7227e-2f2b-4051-b384-d280f8346642,3,topic_2,0.20559141039848328,ltm,31,weighted_threshold,
115,b1d09da0-61de-47f5-b4fd-e0978bc3a72e,35,topic_3,0.29858753085136414,ltm,61,all_or_nothing,repetition
115,09b7227e-2f2b-4051-b384-d280f8346642,3,topic_2,0.1292615383863449,ltm,31,weighted_threshold,
115,6303c4c4-78ae-4045-b196-1d4b988eea8c,7,topic_2,0.09060191363096237,ltm,31,weighted_threshold,
115,bf147734-c346-4b47-8d9e-89879fa5d5dd,76,topic_4,0.06787629425525665,ltm,91,all_or_nothing,repetition
115,0ece088e-ba78-4c86-97f2-8390983611a7,9,topic_2,0.03440461680293083,ltm,31,weighted_threshold,
116,b1d09da0-61de-47f5-b4fd-e0978bc3a72e,35,topic_3,0.5259689688682556,both,61,all_or_nothing,repetition
116,fec25c5d-4040-4223-b616-68d514c7dead,1,topic_2,0.2513120472431183,ltm,31,weighted_threshold,
116,7a0eef5e-3935-446e-97d6-a03272332a26,2,topic_2,0.21711097657680511,ltm,31,weighted_threshold,
116,09b7227e-2f2b-4051-b384-d280f8346642,3,topic_2,0.20114509761333466,ltm,31,weighted_threshold,
116,bf147734-c346-4b47-8d9e-89879fa5d5dd,76,topic_4,0.18011842668056488,ltm,91,all_or_nothing,repetition
117,b1d09da0-61de-47f5-b4fd-e0978bc3a72e,35,topic_3,0.394625186920166,ltm,61,all_or_nothing,repetition
117,bf147734-c346-4b47-8d9e-89879fa5d5dd,76,topic_4,0.2122364640235901,ltm,91,all_or_nothing,repetition
117,09b7227e-2f2b-4051-b384-d280f8346642,3,topic_2,0.1552787870168686,ltm,31,weighted_threshold,
117,fec25c5d-4040-4223-b616-68d514c7dead,1,topic_2,0.12700389325618744,ltm,31,weighted_threshold,
117,7a0eef5e-3935-446e-97d6-a03272332a26,2,topic_2,0.12177927792072296,ltm,31,weighted_threshold,
118,09b7227e-2f2b-4051-b384-d280f8346642,3,topic_2,0.18186867237091064,ltm,31,weighted_threshold,
118,af43c28b-7b78-4974-9692-2df7f9841c39,8,topic_2,0.1253383904695511,ltm,31,weighted_threshold,
118,b1d09da0-61de-47f5-b4fd-e0978bc3a72e,35,topic_3,0.09037714451551437,ltm,61,all_or_nothing,repetition
118,fec25c5d-4040-4223-b616-68d514c7dead,1,topic_2,0.08951079100370407,ltm,31,weighted_threshold,
118,7a0eef5e-3935-446e-97d6-a03272332a26,2,topic_2,0.07908395677804947,ltm,31,weighted_threshold,
119,b1d09da0-61de-47f5-b4fd-e0978bc3a72e,35,topic_3,0.15322993695735931,ltm,61,all_or_nothing,repetition
119,af43c28b-7b78-4974-9692-2df7f9841c39,8,topic_2,0.11138829588890076,ltm,31,weighted_threshold,
119,fec25c5d-4040-4223-b616-68d514c7dead,1,topic_2,0.10397831350564957,ltm,31,weighted_threshold,
119,7a0eef5e-3935-446e-97d6-a03272332a26,2,topic_2,0.09595277905464172,ltm,31,weighted_threshold,
119,09b7227e-2f2b-4051-b384-d280f8346642,3,topic_2,0.0828126072883606,ltm,31,weighted_threshold,
120,fec25c5d-4040-4223-b616-68d514c7dead,1,topic_2,0.49702924489974976,ltm,31,weighted_threshold,
120,7a0eef5e-3935-446e-97d6-a03272332a26,2,topic_2,0.46373969316482544,ltm,31,weighted_threshold,
120,09b7227e-2f2b-4051-b384-d280f8346642,3,topic_2,0.3156597316265106,ltm,31,weighted_threshold,
120,b1d09da0-61de-47f5-b4fd-e0978bc3a72e,35,topic_3,0.27486658096313477,ltm,61,all_or_nothing,repetition
120,bf147734-c346-4b47-8d9e-89879fa5d5dd,76,topic_4,0.23881754279136658,ltm,91,all_or_nothing,repetition
121,fec25c5d-4040-4223-b616-68d514c7dead,1,topic_2,0.44260019063949585,ltm,31,weighted_threshold,
121,7a0eef5e-3935-446e-97d6-a03272332a26,2,topic_2,0.42199191451072693,ltm,31,weighted_threshold,
121,09b7227e-2f2b-4051-b384-d280f8346642,3,topic_2,0.2424999475479126,ltm,31,weighted_threshold,
121,bf147734-c346-4b47-8d9e-89879fa5d5dd,76,topic_4,0.18265384435653687,ltm,91,all_or_nothing,repetition
121,af43c28b-7b78-4974-9692-2df7f9841c39,8,topic_2,0.16992123425006866,ltm,31,weighted_threshold,
