turn_number,status,eligible_ids,n_candidate_ids,k_candidate_ids,delivered_n_ids,delivered_k_only_ids,skipped_n_ids,skipped_k_ids,duplicate_ids,payload_bytes,payload_sha256,payload_chars,last_generation
1,PASS,True,True,True,True,True,True,True,True,True,True,True,True
2,PASS,True,True,True,True,True,True,True,True,True,True,True,True
3,PASS,True,True,True,True,True,True,True,True,True,True,True,True
4,PASS,True,True,True,True,True,True,True,True,True,True,True,True
5,PASS,True,True,True,True,True,True,True,True,True,True,True,True
6,PASS,True,True,True,True,True,True,True,True,True,True,True,True
7,PASS,True,True,True,True,True,True,True,True,True,True,True,True
8,PASS,True,True,True,True,True,True,True,True,True,True,True,True
9,PASS,True,True,True,True,True,True,True,True,True,True,True,True
10,PASS,True,True,True,True,True,True,True,True,True,True,True,True
11,PASS,True,True,True,True,True,True,True,True,True,True,True,True
12,PASS,True,True,True,True,True,True,True,True,True,True,True,True
13,PASS,True,True,True,True,True,True,True,True,True,True,True,True
14,PASS,True,True,True,True,True,True,True,True,True,True,True,True
15,PASS,True,True,True,True,True,True,True,True,True,True,True,True
16,PASS,True,True,True,True,True,True,True,True,True,True,True,True
17,PASS,True,True,True,True,True,True,True,True,True,True,True,True
18,PASS,True,True,True,True,True,True,True,True,True,True,True,True
19,PASS,True,True,True,True,True,True,True,True,True,True,True,True
20,PASS,True,True,True,True,True,True,True,True,True,True,True,True
21,PASS,True,True,True,True,True,True,True,True,True,True,True,True
22,PASS,True,True,True,True,True,True,True,True,True,True,True,True
23,PASS,True,True,True,True,True,True,True,True,True,True,True,True
24,PASS,True,True,True,True,True,True,True,True,True,True,True,True
25,PASS,True,True,True,True,True,True,True,True,True,True,True,True
26,PASS,True,True,True,True,True,True,True,True,True,True,True,True
27,PASS,True,True,True,True,True,True,True,True,True,True,True,True
28,PASS,True,True,True,True,True,True,True,True,True,True,True,True
29,PASS,True,True,True,True,True,True,True,True,True,True,True,True
30,PASS,True,True,True,True,True,True,True,True,True,True,True,True
31,PASS,True,True,True,True,True,True,True,True,True,True,True,True
32,PASS,True,True,True,True,True,True,True,True,True,True,True,True
33,PASS,True,True,True,True,True,True,True,True,True,True,True,True
34,PASS,True,True,True,True,True,True,True,True,True,True,True,True
35,PASS,True,True,True,True,True,True,True,True,True,True,True,True
36,PASS,True,True,True,True,True,True,True,True,True,True,True,True
37,PASS,True,True,True,True,True,True,True,True,True,True,True,True
38,PASS,True,True,True,True,True,True,True,True,True,True,True,True
39,PASS,True,True,True,True,True,True,True,True,True,True,True,True
40,PASS,True,True,True,True,True,True,True,True,True,True,True,True
41,PASS,True,True,True,True,True,True,True,True,True,True,True,True
42,PASS,True,True,True,True,True,True,True,True,True,True,True,True
43,PASS,True,True,True,True,True,True,True,True,True,True,True,True
44,PASS,True,True,True,True,True,True,True,True,True,True,True,True
45,PASS,True,True,True,True,True,True,True,True,True,True,True,True
46,PASS,True,True,True,True,True,True,True,True,True,True,True,True
47,PASS,True,True,True,True,True,True,True,True,True,True,True,True
48,PASS,True,True,True,True,True,True,True,True,True,True,True,True
49,PASS,True,True,True,True,True,True,True,True,True,True,True,True
50,PASS,True,True,True,True,True,True,True,True,True,True,True,True
51,PASS,True,True,True,True,True,True,True,True,True,True,True,True
52,PASS,True,True,True,True,True,True,True,True,True,True,True,True
53,PASS,True,True,True,True,True,True,True,True,True,True,True,True
54,PASS,True,True,True,True,True,True,True,True,True,True,True,True
55,PASS,True,True,True,True,True,True,True,True,True,True,True,True
56,PASS,True,True,True,True,True,True,True,True,True,True,True,True
57,PASS,True,True,True,True,True,True,True,True,True,True,True,True
58,PASS,True,True,True,True,True,True,True,True,True,True,True,True
59,PASS,True,True,True,True,True,True,True,True,True,True,True,True
60,PASS,True,True,True,True,True,True,True,True,True,True,True,True
61,PASS,True,True,True,True,True,True,True,True,True,True,True,True
62,PASS,True,True,True,True,True,True,True,True,True,True,True,True
63,PASS,True,True,True,True,True,True,True,True,True,True,True,True
64,PASS,True,True,True,True,True,True,True,True,True,True,True,True
65,PASS,True,True,True,True,True,True,True,True,True,True,True,True
66,PASS,True,True,True,True,True,True,True,True,True,True,True,True
67,PASS,True,True,True,True,True,True,True,True,True,True,True,True
68,PASS,True,True,True,True,True,True,True,True,True,True,True,True
69,PASS,True,True,True,True,True,True,True,True,True,True,True,True
70,PASS,True,True,True,True,True,True,True,True,True,True,True,True
71,PASS,True,True,True,True,True,True,True,True,True,True,True,True
72,PASS,True,True,True,True,True,True,True,True,True,True,True,True
73,PASS,True,True,True,True,True,True,True,True,True,True,True,True
74,PASS,True,True,True,True,True,True,True,True,True,True,True,True
75,PASS,True,True,True,True,True,True,True,True,True,True,True,True
76,PASS,True,True,True,True,True,True,True,True,True,True,True,True
77,PASS,True,True,True,True,True,True,True,True,True,True,True,True
78,PASS,True,True,True,True,True,True,True,True,True,True,True,True
79,PASS,True,True,True,True,True,True,True,True,True,True,True,True
80,PASS,True,True,True,True,True,True,True,True,True,True,True,True
81,PASS,True,True,True,True,True,True,True,True,True,True,True,True
82,PASS,True,True,True,True,True,True,True,True,True,True,True,True
83,PASS,True,True,True,True,True,True,True,True,True,True,True,True
84,PASS,True,True,True,True,True,True,True,True,True,True,True,True
85,PASS,True,True,True,True,True,True,True,True,True,True,True,True
86,PASS,True,True,True,True,True,True,True,True,True,True,True,True
87,PASS,True,True,True,True,True,True,True,True,True,True,True,True
88,PASS,True,True,True,True,True,True,True,True,True,True,True,True
89,PASS,True,True,True,True,True,True,True,True,True,True,True,True
90,PASS,True,True,True,True,True,True,True,True,True,True,True,True
91,PASS,True,True,True,True,True,True,True,True,True,True,True,True
92,PASS,True,True,True,True,True,True,True,True,True,True,True,True
93,PASS,True,True,True,True,True,True,True,True,True,True,True,True
94,PASS,True,True,True,True,True,True,True,True,True,True,True,True
95,PASS,True,True,True,True,True,True,True,True,True,True,True,True
96,PASS,True,True,True,True,True,True,True,True,True,True,True,True
97,PASS,True,True,True,True,True,True,True,True,True,True,True,True
98,PASS,True,True,True,True,True,True,True,True,True,True,True,True
99,PASS,True,True,True,True,True,True,True,True,True,True,True,True
100,PASS,True,True,True,True,True,True,True,True,True,True,True,True
101,PASS,True,True,True,True,True,True,True,True,True,True,True,True
102,PASS,True,True,True,True,True,True,True,True,True,True,True,True
103,PASS,True,True,True,True,True,True,True,True,True,True,True,True
104,PASS,True,True,True,True,True,True,True,True,True,True,True,True
105,PASS,True,True,True,True,True,True,True,True,True,True,True,True
106,PASS,True,True,True,True,True,True,True,True,True,True,True,True
107,PASS,True,True,True,True,True,True,True,True,True,True,True,True
108,PASS,True,True,True,True,True,True,True,True,True,True,True,True
109,PASS,True,True,True,True,True,True,True,True,True,True,True,True
110,PASS,True,True,True,True,True,True,True,True,True,True,True,True
111,PASS,True,True,True,True,True,True,True,True,True,True,True,True
